device_id,date,time,temperature,RH,PM2.5,lat,lon
B827EBAF88E3,2021-10-03,00:00:30,28.89,44.96,0.0,0.0,0.0
B827EBCBB4B4,2021-10-03,00:01:50,23.94,53.26,0.0,0.0,0.0
B827EB4D4017,2021-10-03,00:03:26,28.93,68.49,2.0,0.0,0.0
B827EB37A814,2021-10-03,00:04:30,25.12,49.23,0.0,0.0,0.0
B827EBAF88E3,2021-10-03,00:05:31,28.76,44.56,0.0,0.0,0.0
B827EBCBB4B4,2021-10-03,00:06:50,23.9,53.62,0.0,0.0,0.0
B827EB4D4017,2021-10-03,00:08:27,29.02,68.65,3.0,0.0,0.0
B827EB37A814,2021-10-03,00:09:31,25.13,49.84,0.0,0.0,0.0
B827EBAF88E3,2021-10-03,00:10:31,28.75,43.79,0.0,0.0,0.0
B827EBCBB4B4,2021-10-03,00:11:51,23.93,54.18,0.0,0.0,0.0
B827EB4D4017,2021-10-03,00:13:27,29.07,68.14,1.0,0.0,0.0
B827EB37A814,2021-10-03,00:14:32,25.13,50.38,1.0,0.0,0.0
B827EBAF88E3,2021-10-03,00:15:32,28.79,42.56,0.0,0.0,0.0
B827EBCBB4B4,2021-10-03,00:16:52,24.0,54.5,0.0,0.0,0.0
B827EB4D4017,2021-10-03,00:18:28,29.07,68.02,0.0,0.0,0.0
B827EB37A814,2021-10-03,00:19:32,25.17,50.94,0.0,0.0,0.0
B827EBAF88E3,2021-10-03,00:20:33,28.9,41.16,0.0,0.0,0.0
B827EBCBB4B4,2021-10-03,00:21:52,24.06,54.86,0.0,0.0,0.0
B827EB4D4017,2021-10-03,00:23:29,29.14,67.52,2.0,0.0,0.0
B827EB37A814,2021-10-03,00:24:33,25.24,51.35,0.0,0.0,0.0
B827EBAF88E3,2021-10-03,00:25:33,28.9,40.28,0.0,0.0,0.0
B827EBCBB4B4,2021-10-03,00:26:53,24.1,54.35,0.0,0.0,0.0
B827EB4D4017,2021-10-03,00:28:29,29.17,67.07,1.0,0.0,0.0
B827EB37A814,2021-10-03,00:29:33,25.29,50.77,0.0,0.0,0.0
B827EBAF88E3,2021-10-03,00:30:34,28.94,39.7,0.0,0.0,0.0
B827EBCBB4B4,2021-10-03,00:31:54,24.06,54.14,0.0,0.0,0.0
B827EB4D4017,2021-10-03,00:33:30,29.31,66.61,1.0,0.0,0.0
B827EB37A814,2021-10-03,00:34:34,25.26,50.21,0.0,0.0,0.0
B827EBAF88E3,2021-10-03,00:35:35,28.94,39.12,0.0,0.0,0.0
B827EBCBB4B4,2021-10-03,00:36:54,24.06,54.05,1.0,0.0,0.0
B827EB4D4017,2021-10-03,00:38:30,29.29,66.26,2.0,0.0,0.0
B827EB37A814,2021-10-03,00:39:35,25.23,49.94,0.0,0.0,0.0
B827EBAF88E3,2021-10-03,00:40:36,28.96,38.7,0.0,0.0,0.0
B827EBCBB4B4,2021-10-03,00:41:55,24.06,53.51,0.0,0.0,0.0
B827EB4D4017,2021-10-03,00:43:31,29.3,66.21,0.0,0.0,0.0
B827EB37A814,2021-10-03,00:44:35,25.2,49.74,0.0,0.0,0.0
B827EBAF88E3,2021-10-03,00:45:38,28.92,38.32,0.0,0.0,0.0
B827EBCBB4B4,2021-10-03,00:46:56,24.0,53.65,1.0,0.0,0.0
B827EB4D4017,2021-10-03,00:48:32,29.36,65.62,1.0,0.0,0.0
B827EB37A814,2021-10-03,00:49:36,25.17,49.7,0.0,0.0,0.0
B827EBAF88E3,2021-10-03,00:50:39,28.9,38.24,0.0,0.0,0.0
B827EBCBB4B4,2021-10-03,00:51:56,23.98,53.96,0.0,0.0,0.0
B827EB4D4017,2021-10-03,00:53:32,29.37,65.48,1.0,0.0,0.0
B827EB37A814,2021-10-03,00:54:38,25.17,49.95,1.0,0.0,0.0
B827EBAF88E3,2021-10-03,00:55:40,28.83,38.14,0.0,0.0,0.0
B827EBCBB4B4,2021-10-03,00:56:57,24.0,54.36,0.0,0.0,0.0
B827EB4D4017,2021-10-03,00:58:33,29.44,65.39,0.0,0.0,0.0
B827EB37A814,2021-10-03,00:59:39,25.2,50.49,0.0,0.0,0.0
B827EBAF88E3,2021-10-03,01:00:40,28.8,38.2,0.0,0.0,0.0
B827EBCBB4B4,2021-10-03,01:01:58,24.03,54.4,0.0,0.0,0.0
B827EB4D4017,2021-10-03,01:03:34,29.47,64.96,2.0,0.0,0.0
B827EB37A814,2021-10-03,01:04:40,25.2,50.6,0.0,0.0,0.0
B827EBAF88E3,2021-10-03,01:05:41,28.79,38.13,0.0,0.0,0.0
B827EBCBB4B4,2021-10-03,01:06:58,24.06,54.76,0.0,0.0,0.0
B827EB4D4017,2021-10-03,01:08:34,29.51,64.42,1.0,0.0,0.0
B827EB37A814,2021-10-03,01:09:40,25.21,50.79,1.0,0.0,0.0
B827EBAF88E3,2021-10-03,01:10:42,28.73,38.1,0.0,0.0,0.0
B827EBCBB4B4,2021-10-03,01:11:59,24.1,54.15,0.0,0.0,0.0
B827EB4D4017,2021-10-03,01:13:35,29.55,63.55,2.0,0.0,0.0
B827EB37A814,2021-10-03,01:14:41,25.23,50.55,1.0,0.0,0.0
B827EBAF88E3,2021-10-03,01:15:42,28.68,38.03,0.0,0.0,0.0
B827EBCBB4B4,2021-10-03,01:17:00,24.14,54.57,0.0,0.0,0.0
B827EB4D4017,2021-10-03,01:18:35,29.59,62.94,1.0,0.0,0.0
B827EB37A814,2021-10-03,01:19:41,25.23,50.97,0.0,0.0,0.0
B827EBAF88E3,2021-10-03,01:20:43,28.61,38.26,0.0,0.0,0.0
B827EBCBB4B4,2021-10-03,01:22:00,24.15,54.73,0.0,0.0,0.0
B827EB4D4017,2021-10-03,01:23:36,29.62,62.9,1.0,0.0,0.0
B827EB37A814,2021-10-03,01:24:42,25.3,51.17,1.0,0.0,0.0
B827EBAF88E3,2021-10-03,01:25:44,28.61,38.21,0.0,0.0,0.0
B827EB4D4017,2021-10-03,01:28:37,29.68,63.09,2.0,0.0,0.0
B827EB37A814,2021-10-03,01:29:43,25.29,50.58,1.0,0.0,0.0
B827EBAF88E3,2021-10-03,01:30:45,28.58,38.43,0.0,0.0,0.0
B827EB4D4017,2021-10-03,01:33:37,29.76,62.4,2.0,0.0,0.0
B827EB37A814,2021-10-03,01:34:43,25.26,50.19,1.0,0.0,0.0
B827EBAF88E3,2021-10-03,01:35:45,28.54,38.73,0.0,0.0,0.0
B827EBCBB4B4,2021-10-03,01:37:03,24.08,53.74,1.0,0.0,0.0
B827EB4D4017,2021-10-03,01:38:38,29.72,63.36,1.0,0.0,0.0
B827EB37A814,2021-10-03,01:39:44,25.26,49.92,1.0,0.0,0.0
B827EBAF88E3,2021-10-03,01:40:46,28.48,39.42,0.0,0.0,0.0
B827EBCBB4B4,2021-10-03,01:42:04,24.01,53.74,1.0,0.0,0.0
B827EB4D4017,2021-10-03,01:43:39,29.85,62.89,2.0,0.0,0.0
B827EB37A814,2021-10-03,01:44:45,25.21,49.78,1.0,0.0,0.0
B827EBAF88E3,2021-10-03,01:45:47,28.45,41.29,0.0,0.0,0.0
B827EBCBB4B4,2021-10-03,01:47:05,23.97,53.72,2.0,0.0,0.0
B827EB4D4017,2021-10-03,01:48:39,29.82,62.92,2.0,0.0,0.0
B827EB37A814,2021-10-03,01:49:46,25.21,49.62,2.0,0.0,0.0
B827EBAF88E3,2021-10-03,01:50:47,28.39,43.43,0.0,0.0,0.0
B827EBCBB4B4,2021-10-03,01:52:06,23.98,53.7,2.0,0.0,0.0
B827EB4D4017,2021-10-03,01:53:40,29.89,63.0,2.0,0.0,0.0
B827EB37A814,2021-10-03,01:54:46,25.19,49.54,2.0,0.0,0.0
B827EBAF88E3,2021-10-03,01:55:48,28.37,45.14,0.0,0.0,0.0
B827EBCBB4B4,2021-10-03,01:57:06,23.94,53.73,2.0,0.0,0.0
B827EB4D4017,2021-10-03,01:58:41,29.95,62.23,3.0,0.0,0.0
B827EB37A814,2021-10-03,01:59:47,25.14,49.53,1.0,0.0,0.0
B827EBAF88E3,2021-10-03,02:00:49,28.38,46.12,0.0,0.0,0.0
B827EBCBB4B4,2021-10-03,02:02:07,23.93,53.69,3.0,0.0,0.0
B827EB37A814,2021-10-03,02:04:48,25.13,49.41,2.0,0.0,0.0
B827EBAF88E3,2021-10-03,02:05:49,28.39,46.32,0.0,0.0,0.0
B827EBCBB4B4,2021-10-03,02:07:08,23.9,53.59,3.0,0.0,0.0
B827EB37A814,2021-10-03,02:09:48,25.09,49.45,4.0,0.0,0.0
B827EBAF88E3,2021-10-03,02:10:50,28.46,46.15,0.0,0.0,0.0
B827EBCBB4B4,2021-10-03,02:12:08,23.91,53.68,2.0,0.0,0.0
B827EB4D4017,2021-10-03,02:13:43,30.04,61.82,2.0,0.0,0.0
B827EB37A814,2021-10-03,02:14:49,25.1,49.37,3.0,0.0,0.0
B827EBAF88E3,2021-10-03,02:15:51,28.46,45.5,0.0,0.0,0.0
B827EBCBB4B4,2021-10-03,02:17:09,23.9,53.62,2.0,0.0,0.0
B827EB4D4017,2021-10-03,02:18:43,30.06,61.99,1.0,0.0,0.0
B827EB37A814,2021-10-03,02:19:50,25.09,49.23,2.0,0.0,0.0
B827EBAF88E3,2021-10-03,02:20:51,28.48,45.0,0.0,0.0,0.0
B827EBCBB4B4,2021-10-03,02:22:10,23.9,53.4,3.0,0.0,0.0
B827EB4D4017,2021-10-03,02:23:44,30.06,62.14,1.0,0.0,0.0
B827EB37A814,2021-10-03,02:24:50,25.08,49.22,3.0,0.0,0.0
B827EBAF88E3,2021-10-03,02:25:52,28.52,44.66,0.0,0.0,0.0
B827EBCBB4B4,2021-10-03,02:27:11,23.84,53.44,2.0,0.0,0.0
B827EB4D4017,2021-10-03,02:28:44,30.14,61.82,1.0,0.0,0.0
B827EB37A814,2021-10-03,02:29:51,25.06,49.24,3.0,0.0,0.0
B827EBAF88E3,2021-10-03,02:30:53,28.62,44.11,0.0,0.0,0.0
B827EBCBB4B4,2021-10-03,02:32:11,23.82,53.57,2.0,0.0,0.0
B827EB4D4017,2021-10-03,02:33:45,30.26,61.44,2.0,0.0,0.0
B827EB37A814,2021-10-03,02:34:52,25.03,49.16,2.0,0.0,0.0
B827EBAF88E3,2021-10-03,02:35:53,28.75,43.59,0.0,0.0,0.0
B827EBCBB4B4,2021-10-03,02:37:12,23.83,53.67,2.0,0.0,0.0
B827EB4D4017,2021-10-03,02:38:46,30.16,61.66,2.0,0.0,0.0
B827EB37A814,2021-10-03,02:39:52,25.05,49.3,2.0,0.0,0.0
B827EBAF88E3,2021-10-03,02:40:54,28.83,43.02,0.0,0.0,0.0
B827EBCBB4B4,2021-10-03,02:42:13,23.83,53.58,1.0,0.0,0.0
B827EB4D4017,2021-10-03,02:43:46,30.21,61.23,2.0,0.0,0.0
B827EB37A814,2021-10-03,02:44:53,25.02,49.18,2.0,0.0,0.0
B827EBAF88E3,2021-10-03,02:45:55,28.92,42.77,0.0,0.0,0.0
B827EBCBB4B4,2021-10-03,02:47:13,23.82,53.55,1.0,0.0,0.0
B827EB4D4017,2021-10-03,02:48:47,30.3,61.04,1.0,0.0,0.0
B827EB37A814,2021-10-03,02:49:54,25.05,49.28,2.0,0.0,0.0
B827EBAF88E3,2021-10-03,02:50:55,28.99,43.04,0.0,0.0,0.0
B827EBCBB4B4,2021-10-03,02:52:14,23.87,53.39,2.0,0.0,0.0
B827EB4D4017,2021-10-03,02:53:48,30.26,61.42,3.0,0.0,0.0
B827EB37A814,2021-10-03,02:54:54,25.03,49.23,1.0,0.0,0.0
B827EBAF88E3,2021-10-03,02:55:56,29.08,43.69,0.0,0.0,0.0
B827EBCBB4B4,2021-10-03,02:57:15,23.83,53.41,0.0,0.0,0.0
B827EB4D4017,2021-10-03,02:58:48,30.39,60.71,2.0,0.0,0.0
B827EB37A814,2021-10-03,02:59:55,25.02,49.23,2.0,0.0,0.0
B827EBAF88E3,2021-10-03,03:00:57,29.16,43.5,0.0,0.0,0.0
B827EBCBB4B4,2021-10-03,03:02:16,23.84,53.29,1.0,0.0,0.0
B827EB4D4017,2021-10-03,03:03:49,30.39,60.77,2.0,0.0,0.0
B827EB37A814,2021-10-03,03:04:55,25.02,49.25,1.0,0.0,0.0
B827EBAF88E3,2021-10-03,03:05:57,29.11,43.1,0.0,0.0,0.0
B827EBCBB4B4,2021-10-03,03:07:16,23.83,53.44,0.0,0.0,0.0
B827EB4D4017,2021-10-03,03:08:50,30.48,60.43,2.0,0.0,0.0
B827EB37A814,2021-10-03,03:09:56,25.02,49.29,1.0,0.0,0.0
B827EBAF88E3,2021-10-03,03:10:58,29.04,42.85,0.0,0.0,0.0
B827EBCBB4B4,2021-10-03,03:12:17,23.8,53.28,1.0,0.0,0.0
B827EB4D4017,2021-10-03,03:13:50,30.62,59.36,3.0,0.0,0.0
B827EB37A814,2021-10-03,03:14:57,25.01,49.23,1.0,0.0,0.0
B827EBAF88E3,2021-10-03,03:15:59,29.07,42.28,0.0,0.0,0.0
B827EBCBB4B4,2021-10-03,03:17:18,23.82,53.51,1.0,0.0,0.0
B827EB4D4017,2021-10-03,03:18:51,30.54,59.19,1.0,0.0,0.0
B827EB37A814,2021-10-03,03:19:57,25.01,49.22,1.0,0.0,0.0
B827EBAF88E3,2021-10-03,03:20:59,29.04,41.71,0.0,0.0,0.0
B827EBCBB4B4,2021-10-03,03:22:18,23.79,53.58,0.0,0.0,0.0
B827EB4D4017,2021-10-03,03:23:52,30.54,58.93,0.0,0.0,0.0
B827EB37A814,2021-10-03,03:24:58,25.01,49.22,1.0,0.0,0.0
B827EBAF88E3,2021-10-03,03:26:00,29.06,41.24,0.0,0.0,0.0
B827EBCBB4B4,2021-10-03,03:27:19,23.75,53.51,0.0,0.0,0.0
B827EB4D4017,2021-10-03,03:28:52,30.7,58.25,1.0,0.0,0.0
B827EB37A814,2021-10-03,03:29:59,25.02,49.19,2.0,0.0,0.0
B827EBAF88E3,2021-10-03,03:31:01,29.07,40.85,0.0,0.0,0.0
B827EBCBB4B4,2021-10-03,03:32:19,23.71,53.83,1.0,0.0,0.0
B827EB4D4017,2021-10-03,03:33:53,30.63,58.46,3.0,0.0,0.0
B827EB37A814,2021-10-03,03:34:59,25.02,49.23,2.0,0.0,0.0
B827EBAF88E3,2021-10-03,03:36:01,29.07,40.61,0.0,0.0,0.0
B827EBCBB4B4,2021-10-03,03:37:20,23.73,53.61,1.0,0.0,0.0
B827EB4D4017,2021-10-03,03:38:53,30.82,58.06,1.0,0.0,0.0
B827EB37A814,2021-10-03,03:40:00,25.02,49.25,2.0,0.0,0.0
B827EBAF88E3,2021-10-03,03:41:02,29.03,40.67,0.0,0.0,0.0
B827EBCBB4B4,2021-10-03,03:42:21,23.73,53.61,2.0,0.0,0.0
B827EB4D4017,2021-10-03,03:43:54,30.68,58.45,0.0,0.0,0.0
B827EB37A814,2021-10-03,03:45:01,25.01,49.26,3.0,0.0,0.0
B827EBAF88E3,2021-10-03,03:46:03,29.0,41.31,0.0,0.0,0.0
B827EBCBB4B4,2021-10-03,03:47:21,23.71,53.76,2.0,0.0,0.0
B827EB4D4017,2021-10-03,03:48:55,30.7,58.33,2.0,0.0,0.0
B827EB37A814,2021-10-03,03:50:01,25.05,49.26,4.0,0.0,0.0
B827EBAF88E3,2021-10-03,03:51:03,28.94,43.2,0.0,0.0,0.0
B827EBCBB4B4,2021-10-03,03:52:22,23.73,53.58,2.0,0.0,0.0
B827EB4D4017,2021-10-03,03:53:55,30.72,58.12,2.0,0.0,0.0
B827EB37A814,2021-10-03,03:55:02,25.01,49.25,4.0,0.0,0.0
B827EBAF88E3,2021-10-03,03:56:04,28.83,44.13,0.0,0.0,0.0
B827EBCBB4B4,2021-10-03,03:57:23,23.75,53.69,3.0,0.0,0.0
B827EB4D4017,2021-10-03,03:58:58,30.82,57.7,2.0,0.0,0.0
B827EB37A814,2021-10-03,04:00:03,24.99,49.24,4.0,0.0,0.0
B827EBAF88E3,2021-10-03,04:01:05,28.85,44.35,0.0,0.0,0.0
B827EBCBB4B4,2021-10-03,04:02:23,23.77,53.38,0.0,0.0,0.0
B827EB4D4017,2021-10-03,04:03:58,30.85,57.47,2.0,0.0,0.0
B827EB37A814,2021-10-03,04:05:05,24.99,49.24,2.0,0.0,0.0
B827EBAF88E3,2021-10-03,04:06:05,28.89,44.24,0.0,0.0,0.0
B827EBCBB4B4,2021-10-03,04:07:24,23.77,53.66,2.0,0.0,0.0
B827EB4D4017,2021-10-03,04:09:01,30.96,56.83,2.0,0.0,0.0
B827EB37A814,2021-10-03,04:10:06,24.98,49.24,3.0,0.0,0.0
B827EBAF88E3,2021-10-03,04:11:06,28.87,43.95,0.0,0.0,0.0
B827EBCBB4B4,2021-10-03,04:12:25,23.76,53.64,1.0,0.0,0.0
B827EB4D4017,2021-10-03,04:14:01,31.03,56.5,2.0,0.0,0.0
B827EB37A814,2021-10-03,04:15:06,24.99,49.26,2.0,0.0,0.0
B827EBAF88E3,2021-10-03,04:16:07,28.79,43.34,0.0,0.0,0.0
B827EBCBB4B4,2021-10-03,04:17:25,23.76,53.68,1.0,0.0,0.0
B827EB4D4017,2021-10-03,04:19:02,30.93,56.69,2.0,0.0,0.0
B827EB37A814,2021-10-03,04:20:07,25.02,49.6,2.0,0.0,0.0
B827EBAF88E3,2021-10-03,04:21:07,28.82,42.3,0.0,0.0,0.0
B827EBCBB4B4,2021-10-03,04:22:26,23.79,53.82,2.0,0.0,0.0
B827EB4D4017,2021-10-03,04:24:03,31.06,55.89,3.0,0.0,0.0
B827EB37A814,2021-10-03,04:25:08,25.03,49.83,2.0,0.0,0.0
B827EBAF88E3,2021-10-03,04:26:08,28.89,41.27,0.0,0.0,0.0
B827EBCBB4B4,2021-10-03,04:27:27,23.86,53.47,1.0,0.0,0.0
B827EB4D4017,2021-10-03,04:29:04,31.16,55.38,2.0,0.0,0.0
B827EB37A814,2021-10-03,04:30:08,25.05,49.64,1.0,0.0,0.0
B827EBAF88E3,2021-10-03,04:31:09,28.97,40.22,0.0,0.0,0.0
B827EBCBB4B4,2021-10-03,04:32:28,23.8,53.68,1.0,0.0,0.0
B827EB4D4017,2021-10-03,04:34:04,31.06,55.63,0.0,0.0,0.0
B827EB37A814,2021-10-03,04:35:09,25.01,49.41,2.0,0.0,0.0
B827EBAF88E3,2021-10-03,04:36:09,29.01,39.57,0.0,0.0,0.0
B827EBCBB4B4,2021-10-03,04:37:28,23.79,53.49,1.0,0.0,0.0
B827EB4D4017,2021-10-03,04:39:07,31.09,55.42,2.0,0.0,0.0
B827EB37A814,2021-10-03,04:40:10,25.01,49.28,1.0,0.0,0.0
B827EBAF88E3,2021-10-03,04:41:10,29.04,38.95,0.0,0.0,0.0
B827EBCBB4B4,2021-10-03,04:42:29,23.79,53.31,0.0,0.0,0.0
B827EB4D4017,2021-10-03,04:44:07,31.18,54.7,1.0,0.0,0.0
B827EB37A814,2021-10-03,04:45:12,25.01,49.15,2.0,0.0,0.0
B827EBAF88E3,2021-10-03,04:46:11,29.04,38.67,0.0,0.0,0.0
B827EBCBB4B4,2021-10-03,04:47:30,23.84,53.21,1.0,0.0,0.0
B827EB4D4017,2021-10-03,04:49:08,31.17,54.83,0.0,0.0,0.0
B827EB37A814,2021-10-03,04:50:12,24.98,49.18,1.0,0.0,0.0
B827EBAF88E3,2021-10-03,04:51:11,29.01,38.35,0.0,0.0,0.0
B827EBCBB4B4,2021-10-03,04:52:30,23.82,53.14,1.0,0.0,0.0
B827EB4D4017,2021-10-03,04:54:09,31.16,53.39,1.0,0.0,0.0
B827EB37A814,2021-10-03,04:55:13,24.96,49.2,1.0,0.0,0.0
B827EBAF88E3,2021-10-03,04:56:12,29.01,38.08,0.0,0.0,0.0
B827EBCBB4B4,2021-10-03,04:57:31,23.77,53.14,1.0,0.0,0.0
B827EB4D4017,2021-10-03,04:59:09,31.3,53.85,1.0,0.0,0.0
B827EB37A814,2021-10-03,05:00:14,25.05,50.37,1.0,0.0,0.0
B827EBAF88E3,2021-10-03,05:01:13,29.0,37.99,0.0,0.0,0.0
B827EBCBB4B4,2021-10-03,05:02:32,23.76,53.08,1.0,0.0,0.0
B827EB4D4017,2021-10-03,05:04:10,31.22,53.6,1.0,0.0,0.0
B827EB37A814,2021-10-03,05:05:14,25.14,50.94,1.0,0.0,0.0
B827EBAF88E3,2021-10-03,05:06:13,28.97,37.89,0.0,0.0,0.0
B827EBCBB4B4,2021-10-03,05:07:32,23.82,53.0,1.0,0.0,0.0
B827EB4D4017,2021-10-03,05:09:11,31.32,51.93,1.0,0.0,0.0
B827EB37A814,2021-10-03,05:10:17,25.3,51.09,2.0,0.0,0.0
B827EBAF88E3,2021-10-03,05:11:14,28.93,37.82,0.0,0.0,0.0
B827EBCBB4B4,2021-10-03,05:12:33,23.89,52.87,1.0,0.0,0.0
B827EB4D4017,2021-10-03,05:14:11,31.39,51.05,2.0,0.0,0.0
B827EB37A814,2021-10-03,05:15:17,25.38,50.98,3.0,0.0,0.0
B827EBAF88E3,2021-10-03,05:16:15,28.87,37.99,0.0,0.0,0.0
B827EBCBB4B4,2021-10-03,05:17:34,23.87,52.76,1.0,0.0,0.0
B827EB4D4017,2021-10-03,05:19:12,31.38,50.99,2.0,0.0,0.0
B827EB37A814,2021-10-03,05:20:18,25.51,50.73,2.0,0.0,0.0
B827EBAF88E3,2021-10-03,05:21:15,28.85,38.73,0.0,0.0,0.0
B827EBCBB4B4,2021-10-03,05:22:34,23.9,52.8,0.0,0.0,0.0
B827EB4D4017,2021-10-03,05:24:12,31.32,52.66,2.0,0.0,0.0
B827EB37A814,2021-10-03,05:25:19,25.57,50.86,1.0,0.0,0.0
B827EBAF88E3,2021-10-03,05:26:16,28.75,41.31,0.0,0.0,0.0
B827EBCBB4B4,2021-10-03,05:27:35,23.96,52.57,1.0,0.0,0.0
B827EB4D4017,2021-10-03,05:29:13,31.38,50.89,2.0,0.0,0.0
B827EB37A814,2021-10-03,05:30:20,25.67,50.85,2.0,0.0,0.0
B827EBAF88E3,2021-10-03,05:31:17,28.63,43.14,0.0,0.0,0.0
B827EBCBB4B4,2021-10-03,05:32:36,23.98,52.53,1.0,0.0,0.0
B827EB4D4017,2021-10-03,05:34:14,31.41,51.73,2.0,0.0,0.0
B827EB37A814,2021-10-03,05:35:21,25.71,50.58,1.0,0.0,0.0
B827EBAF88E3,2021-10-03,05:36:18,28.61,44.86,0.0,0.0,0.0
B827EBCBB4B4,2021-10-03,05:37:36,24.07,52.39,2.0,0.0,0.0
B827EB4D4017,2021-10-03,05:39:14,31.44,51.87,2.0,0.0,0.0
B827EB37A814,2021-10-03,05:40:22,25.78,50.43,2.0,0.0,0.0
B827EBAF88E3,2021-10-03,05:41:18,28.61,45.56,0.0,0.0,0.0
B827EBCBB4B4,2021-10-03,05:42:37,24.08,52.62,1.0,0.0,0.0
B827EB4D4017,2021-10-03,05:44:15,31.38,50.72,2.0,0.0,0.0
B827EB37A814,2021-10-03,05:45:22,25.83,51.17,2.0,0.0,0.0
B827EBAF88E3,2021-10-03,05:46:19,28.68,45.57,0.0,0.0,0.0
B827EBCBB4B4,2021-10-03,05:47:37,24.19,52.98,2.0,0.0,0.0
B827EB4D4017,2021-10-03,05:49:16,31.47,50.22,2.0,0.0,0.0
B827EB37A814,2021-10-03,05:50:23,25.93,51.46,2.0,0.0,0.0
B827EBAF88E3,2021-10-03,05:51:20,28.72,44.91,0.0,0.0,0.0
B827EBCBB4B4,2021-10-03,05:52:38,24.31,53.45,0.0,0.0,0.0
B827EB4D4017,2021-10-03,05:54:18,31.49,50.95,4.0,0.0,0.0
B827EB37A814,2021-10-03,05:55:25,26.02,52.26,3.0,0.0,0.0
B827EBAF88E3,2021-10-03,05:56:20,28.71,44.3,0.0,0.0,0.0
B827EBCBB4B4,2021-10-03,05:57:39,24.39,53.75,1.0,0.0,0.0
B827EB4D4017,2021-10-03,05:59:19,31.56,51.15,1.0,0.0,0.0
B827EB37A814,2021-10-03,06:00:26,26.06,52.73,4.0,0.0,0.0
B827EBAF88E3,2021-10-03,06:01:21,28.71,43.76,0.0,0.0,0.0
B827EBCBB4B4,2021-10-03,06:02:39,24.49,54.08,2.0,0.0,0.0
B827EB4D4017,2021-10-03,06:04:19,31.56,51.1,1.0,0.0,0.0
B827EB37A814,2021-10-03,06:05:27,26.14,52.99,2.0,0.0,0.0
B827EBAF88E3,2021-10-03,06:06:21,28.78,43.09,0.0,0.0,0.0
B827EBCBB4B4,2021-10-03,06:07:40,24.58,53.49,1.0,0.0,0.0
B827EB4D4017,2021-10-03,06:09:20,31.55,51.0,1.0,0.0,0.0
B827EB37A814,2021-10-03,06:10:27,26.19,52.21,3.0,0.0,0.0
B827EBAF88E3,2021-10-03,06:11:22,28.82,42.47,0.0,0.0,0.0
B827EBCBB4B4,2021-10-03,06:12:41,24.65,52.88,1.0,0.0,0.0
B827EB4D4017,2021-10-03,06:14:21,31.58,50.77,1.0,0.0,0.0
B827EB37A814,2021-10-03,06:15:28,26.22,51.39,2.0,0.0,0.0
B827EBAF88E3,2021-10-03,06:16:25,28.87,41.96,0.0,0.0,0.0
B827EBCBB4B4,2021-10-03,06:17:41,24.76,52.5,2.0,0.0,0.0
B827EB4D4017,2021-10-03,06:19:22,31.51,50.99,1.0,0.0,0.0
B827EBAF88E3,2021-10-03,06:21:25,28.9,41.61,0.0,0.0,0.0
B827EBCBB4B4,2021-10-03,06:22:42,24.8,52.67,0.0,0.0,0.0
B827EB4D4017,2021-10-03,06:24:22,31.59,50.53,0.0,0.0,0.0
B827EBAF88E3,2021-10-03,06:26:26,28.93,42.0,0.0,0.0,0.0
B827EBCBB4B4,2021-10-03,06:27:43,24.87,52.83,1.0,0.0,0.0
B827EB4D4017,2021-10-03,06:29:23,31.52,50.92,1.0,0.0,0.0
B827EB37A814,2021-10-03,06:30:30,26.3,51.94,3.0,0.0,0.0
B827EBAF88E3,2021-10-03,06:31:27,28.93,43.07,0.0,0.0,0.0
B827EBCBB4B4,2021-10-03,06:32:43,24.95,52.3,1.0,0.0,0.0
B827EB4D4017,2021-10-03,06:34:23,31.66,51.52,1.0,0.0,0.0
B827EB37A814,2021-10-03,06:35:31,26.31,51.64,3.0,0.0,0.0
B827EBAF88E3,2021-10-03,06:36:28,28.9,43.46,0.0,0.0,0.0
B827EBCBB4B4,2021-10-03,06:37:44,24.95,52.44,0.0,0.0,0.0
B827EB4D4017,2021-10-03,06:39:24,31.53,52.29,1.0,0.0,0.0
B827EB37A814,2021-10-03,06:40:32,26.31,52.06,2.0,0.0,0.0
B827EBAF88E3,2021-10-03,06:41:28,28.99,43.37,0.0,0.0,0.0
B827EBCBB4B4,2021-10-03,06:42:45,25.0,52.24,1.0,0.0,0.0
B827EB4D4017,2021-10-03,06:44:25,31.51,52.71,0.0,0.0,0.0
B827EB37A814,2021-10-03,06:45:32,26.31,52.01,3.0,0.0,0.0
B827EBAF88E3,2021-10-03,06:46:29,28.89,43.1,0.0,0.0,0.0
B827EBCBB4B4,2021-10-03,06:47:46,25.0,52.56,1.0,0.0,0.0
B827EB4D4017,2021-10-03,06:49:25,31.47,52.94,0.0,0.0,0.0
B827EB37A814,2021-10-03,06:50:33,26.34,52.72,3.0,0.0,0.0
B827EBAF88E3,2021-10-03,06:51:30,28.85,42.58,0.0,0.0,0.0
B827EB4D4017,2021-10-03,06:54:26,31.48,53.65,2.0,0.0,0.0
B827EB37A814,2021-10-03,06:55:34,26.47,53.0,2.0,0.0,0.0
B827EBAF88E3,2021-10-03,06:56:30,28.96,41.65,0.0,0.0,0.0
B827EB4D4017,2021-10-03,06:59:26,31.49,54.28,2.0,0.0,0.0
B827EB37A814,2021-10-03,07:00:34,26.54,53.01,3.0,0.0,0.0
B827EBAF88E3,2021-10-03,07:01:31,29.01,40.52,0.0,0.0,0.0
B827EBCBB4B4,2021-10-03,07:02:48,25.02,53.33,1.0,0.0,0.0
B827EB4D4017,2021-10-03,07:04:27,31.55,54.22,1.0,0.0,0.0
B827EB37A814,2021-10-03,07:05:35,26.67,52.83,3.0,0.0,0.0
B827EBAF88E3,2021-10-03,07:06:32,29.08,39.93,0.0,0.0,0.0
B827EBCBB4B4,2021-10-03,07:07:48,25.0,53.72,2.0,0.0,0.0
B827EB4D4017,2021-10-03,07:09:28,31.44,54.78,1.0,0.0,0.0
B827EB37A814,2021-10-03,07:10:36,26.79,52.81,3.0,0.0,0.0
B827EBAF88E3,2021-10-03,07:11:32,29.11,39.29,0.0,0.0,0.0
B827EBCBB4B4,2021-10-03,07:12:49,25.02,54.17,1.0,0.0,0.0
B827EB4D4017,2021-10-03,07:14:30,31.58,55.19,1.0,0.0,0.0
B827EB37A814,2021-10-03,07:15:37,26.83,52.75,3.0,0.0,0.0
B827EBAF88E3,2021-10-03,07:16:33,29.13,38.89,0.0,0.0,0.0
B827EBCBB4B4,2021-10-03,07:17:49,25.11,53.31,1.0,0.0,0.0
B827EB4D4017,2021-10-03,07:19:31,31.38,55.95,1.0,0.0,0.0
B827EB37A814,2021-10-03,07:20:38,26.87,51.09,1.0,0.0,0.0
B827EBAF88E3,2021-10-03,07:21:34,29.1,38.77,0.0,0.0,0.0
B827EBCBB4B4,2021-10-03,07:22:50,25.08,52.8,2.0,0.0,0.0
B827EB4D4017,2021-10-03,07:24:31,31.42,56.4,1.0,0.0,0.0
B827EB37A814,2021-10-03,07:25:38,26.76,49.94,2.0,0.0,0.0
B827EBAF88E3,2021-10-03,07:26:34,29.1,40.36,0.0,0.0,0.0
B827EBCBB4B4,2021-10-03,07:27:51,25.07,52.61,2.0,0.0,0.0
B827EB4D4017,2021-10-03,07:29:32,31.42,56.18,1.0,0.0,0.0
B827EB37A814,2021-10-03,07:30:39,26.62,49.82,2.0,0.0,0.0
B827EBAF88E3,2021-10-03,07:31:35,29.04,42.43,0.0,0.0,0.0
B827EBCBB4B4,2021-10-03,07:32:51,24.98,52.84,1.0,0.0,0.0
B827EB4D4017,2021-10-03,07:34:33,31.28,56.72,1.0,0.0,0.0
B827EB37A814,2021-10-03,07:35:40,26.51,50.05,1.0,0.0,0.0
B827EBAF88E3,2021-10-03,07:36:36,29.0,44.02,0.0,0.0,0.0
B827EBCBB4B4,2021-10-03,07:37:52,24.91,53.26,1.0,0.0,0.0
B827EB4D4017,2021-10-03,07:39:33,31.3,56.82,1.0,0.0,0.0
B827EB37A814,2021-10-03,07:40:41,26.37,50.44,2.0,0.0,0.0
B827EBAF88E3,2021-10-03,07:41:36,29.01,44.12,0.0,0.0,0.0
B827EBCBB4B4,2021-10-03,07:42:53,24.85,53.05,0.0,0.0,0.0
B827EB4D4017,2021-10-03,07:44:34,31.24,57.37,1.0,0.0,0.0
B827EB37A814,2021-10-03,07:45:41,26.28,49.99,1.0,0.0,0.0
B827EBAF88E3,2021-10-03,07:46:37,29.03,43.88,0.0,0.0,0.0
B827EBCBB4B4,2021-10-03,07:47:53,24.74,53.22,1.0,0.0,0.0
B827EB4D4017,2021-10-03,07:49:34,31.32,56.99,2.0,0.0,0.0
B827EB37A814,2021-10-03,07:50:42,26.17,49.84,1.0,0.0,0.0
B827EBAF88E3,2021-10-03,07:51:38,29.11,43.61,0.0,0.0,0.0
B827EBCBB4B4,2021-10-03,07:52:54,24.69,53.38,1.0,0.0,0.0
B827EB4D4017,2021-10-03,07:54:35,31.18,57.31,1.0,0.0,0.0
B827EB37A814,2021-10-03,07:55:43,26.08,49.7,0.0,0.0,0.0
B827EBAF88E3,2021-10-03,07:56:38,29.16,43.45,0.0,0.0,0.0
B827EBCBB4B4,2021-10-03,07:57:54,24.67,53.44,1.0,0.0,0.0
B827EB4D4017,2021-10-03,07:59:36,31.22,56.29,1.0,0.0,0.0
B827EB37A814,2021-10-03,08:00:43,26.02,49.52,1.0,0.0,0.0
B827EBAF88E3,2021-10-03,08:01:39,29.08,43.14,0.0,0.0,0.0
B827EBCBB4B4,2021-10-03,08:02:55,24.62,53.41,1.0,0.0,0.0
B827EB4D4017,2021-10-03,08:04:37,31.14,56.9,0.0,0.0,0.0
B827EB37A814,2021-10-03,08:05:44,25.95,49.86,1.0,0.0,0.0
B827EBAF88E3,2021-10-03,08:06:40,29.1,42.5,0.0,0.0,0.0
B827EBCBB4B4,2021-10-03,08:07:56,24.58,53.86,1.0,0.0,0.0
B827EB4D4017,2021-10-03,08:09:37,31.18,56.71,1.0,0.0,0.0
B827EB37A814,2021-10-03,08:10:44,25.92,50.42,1.0,0.0,0.0
B827EBAF88E3,2021-10-03,08:11:41,29.17,41.34,0.0,0.0,0.0
B827EBCBB4B4,2021-10-03,08:12:56,24.58,54.07,0.0,0.0,0.0
B827EB4D4017,2021-10-03,08:14:39,31.13,56.98,1.0,0.0,0.0
B827EB37A814,2021-10-03,08:15:45,25.89,50.71,1.0,0.0,0.0
B827EBAF88E3,2021-10-03,08:16:41,29.24,40.32,0.0,0.0,0.0
B827EBCBB4B4,2021-10-03,08:17:57,24.59,54.53,1.0,0.0,0.0
B827EB4D4017,2021-10-03,08:19:40,31.13,57.02,0.0,0.0,0.0
B827EB37A814,2021-10-03,08:20:46,25.83,51.25,1.0,0.0,0.0
B827EBAF88E3,2021-10-03,08:21:42,29.28,39.38,0.0,0.0,0.0
B827EBCBB4B4,2021-10-03,08:22:58,24.6,54.51,0.0,0.0,0.0
B827EB4D4017,2021-10-03,08:24:41,31.07,57.29,1.0,0.0,0.0
B827EB37A814,2021-10-03,08:25:46,25.82,51.05,1.0,0.0,0.0
B827EBAF88E3,2021-10-03,08:26:42,29.35,38.61,0.0,0.0,0.0
B827EBCBB4B4,2021-10-03,08:27:58,24.59,54.56,1.0,0.0,0.0
B827EB4D4017,2021-10-03,08:29:41,31.04,57.57,0.0,0.0,0.0
B827EB37A814,2021-10-03,08:30:47,25.83,51.43,1.0,0.0,0.0
B827EBAF88E3,2021-10-03,08:31:43,29.34,38.12,0.0,0.0,0.0
B827EBCBB4B4,2021-10-03,08:32:59,24.58,54.69,1.0,0.0,0.0
B827EB4D4017,2021-10-03,08:34:42,31.04,58.34,0.0,0.0,0.0
B827EB37A814,2021-10-03,08:35:48,25.82,51.63,1.0,0.0,0.0
B827EBAF88E3,2021-10-03,08:36:44,29.34,37.89,0.0,0.0,0.0
B827EBCBB4B4,2021-10-03,08:38:00,24.62,54.98,0.0,0.0,0.0
B827EB4D4017,2021-10-03,08:39:43,31.04,58.87,1.0,0.0,0.0
B827EB37A814,2021-10-03,08:40:48,25.81,51.87,1.0,0.0,0.0
B827EBAF88E3,2021-10-03,08:41:45,29.28,37.75,0.0,0.0,0.0
B827EBCBB4B4,2021-10-03,08:43:00,24.65,55.15,0.0,0.0,0.0
B827EB4D4017,2021-10-03,08:44:43,31.01,59.44,1.0,0.0,0.0
B827EB37A814,2021-10-03,08:45:49,25.82,52.15,1.0,0.0,0.0
B827EBAF88E3,2021-10-03,08:46:45,29.28,37.73,0.0,0.0,0.0
B827EBCBB4B4,2021-10-03,08:48:01,24.65,54.79,1.0,0.0,0.0
B827EB4D4017,2021-10-03,08:49:44,30.97,58.98,0.0,0.0,0.0
B827EB37A814,2021-10-03,08:50:50,25.79,51.38,1.0,0.0,0.0
B827EBAF88E3,2021-10-03,08:51:46,29.25,37.49,0.0,0.0,0.0
B827EBCBB4B4,2021-10-03,08:53:02,24.6,54.19,1.0,0.0,0.0
B827EB4D4017,2021-10-03,08:54:44,30.93,59.31,1.0,0.0,0.0
B827EB37A814,2021-10-03,08:55:50,25.76,50.63,1.0,0.0,0.0
B827EBAF88E3,2021-10-03,08:56:47,29.2,37.3,0.0,0.0,0.0
B827EBCBB4B4,2021-10-03,08:58:02,24.49,53.91,0.0,0.0,0.0
B827EB4D4017,2021-10-03,08:59:45,30.94,59.18,1.0,0.0,0.0
B827EB37A814,2021-10-03,09:00:51,25.73,50.04,1.0,0.0,0.0
B827EBAF88E3,2021-10-03,09:01:47,29.17,37.15,0.0,0.0,0.0
B827EBCBB4B4,2021-10-03,09:03:03,24.46,53.82,1.0,0.0,0.0
B827EB4D4017,2021-10-03,09:04:46,30.93,59.26,0.0,0.0,0.0
B827EB37A814,2021-10-03,09:05:52,25.69,49.63,1.0,0.0,0.0
B827EBAF88E3,2021-10-03,09:06:48,29.14,37.03,0.0,0.0,0.0
B827EBCBB4B4,2021-10-03,09:08:04,24.39,53.49,0.0,0.0,0.0
B827EB4D4017,2021-10-03,09:09:46,30.97,59.74,1.0,0.0,0.0
B827EB37A814,2021-10-03,09:10:52,25.65,49.41,1.0,0.0,0.0
B827EBAF88E3,2021-10-03,09:11:49,29.11,37.18,0.0,0.0,0.0
B827EBCBB4B4,2021-10-03,09:13:05,24.35,53.86,0.0,0.0,0.0
B827EB4D4017,2021-10-03,09:14:47,30.93,60.48,2.0,0.0,0.0
B827EB37A814,2021-10-03,09:15:53,25.62,49.31,0.0,0.0,0.0
B827EBAF88E3,2021-10-03,09:16:49,29.07,37.26,0.0,0.0,0.0
B827EBCBB4B4,2021-10-03,09:18:05,24.29,53.68,2.0,0.0,0.0
B827EB4D4017,2021-10-03,09:19:48,30.82,61.13,1.0,0.0,0.0
B827EB37A814,2021-10-03,09:20:53,25.58,49.19,0.0,0.0,0.0
B827EBAF88E3,2021-10-03,09:21:50,29.06,37.26,0.0,0.0,0.0
B827EBCBB4B4,2021-10-03,09:23:06,24.25,53.61,1.0,0.0,0.0
B827EB4D4017,2021-10-03,09:24:48,30.82,60.87,2.0,0.0,0.0
B827EB37A814,2021-10-03,09:25:54,25.57,49.06,0.0,0.0,0.0
B827EBAF88E3,2021-10-03,09:26:51,29.04,37.43,0.0,0.0,0.0
B827EBCBB4B4,2021-10-03,09:28:06,24.18,53.62,1.0,0.0,0.0
B827EB4D4017,2021-10-03,09:29:49,30.75,61.31,0.0,0.0,0.0
B827EB37A814,2021-10-03,09:30:55,25.55,48.95,1.0,0.0,0.0
B827EBAF88E3,2021-10-03,09:31:51,29.0,37.86,0.0,0.0,0.0
B827EBCBB4B4,2021-10-03,09:33:07,24.14,53.53,1.0,0.0,0.0
B827EB4D4017,2021-10-03,09:34:50,30.78,61.66,2.0,0.0,0.0
B827EB37A814,2021-10-03,09:35:56,25.49,48.93,0.0,0.0,0.0
B827EBAF88E3,2021-10-03,09:36:52,28.96,38.36,0.0,0.0,0.0
B827EBCBB4B4,2021-10-03,09:38:08,24.14,53.55,0.0,0.0,0.0
B827EB4D4017,2021-10-03,09:39:51,30.82,61.39,1.0,0.0,0.0
B827EB37A814,2021-10-03,09:40:56,25.48,48.89,0.0,0.0,0.0
B827EBAF88E3,2021-10-03,09:41:53,28.92,39.27,0.0,0.0,0.0
B827EBCBB4B4,2021-10-03,09:43:08,24.08,53.59,0.0,0.0,0.0
B827EB4D4017,2021-10-03,09:44:52,30.66,62.51,2.0,0.0,0.0
B827EB37A814,2021-10-03,09:45:57,25.47,48.78,0.0,0.0,0.0
B827EBAF88E3,2021-10-03,09:46:53,28.82,41.67,0.0,0.0,0.0
B827EBCBB4B4,2021-10-03,09:48:09,24.07,53.53,1.0,0.0,0.0
B827EB4D4017,2021-10-03,09:49:53,30.68,62.62,1.0,0.0,0.0
B827EB37A814,2021-10-03,09:50:58,25.45,48.71,1.0,0.0,0.0
B827EBAF88E3,2021-10-03,09:51:54,28.78,43.64,0.0,0.0,0.0
B827EBCBB4B4,2021-10-03,09:53:10,0.0,0.0,0.0,0.0,0.0
B827EB4D4017,2021-10-03,09:54:53,30.61,62.75,2.0,0.0,0.0
B827EB37A814,2021-10-03,09:55:58,25.44,48.77,0.0,0.0,0.0
B827EBAF88E3,2021-10-03,09:56:55,28.73,44.75,0.0,0.0,0.0
B827EBCBB4B4,2021-10-03,09:58:10,24.03,53.75,0.0,0.0,0.0
B827EB4D4017,2021-10-03,09:59:54,30.63,62.9,2.0,0.0,0.0
B827EB37A814,2021-10-03,10:00:59,25.42,48.67,0.0,0.0,0.0
B827EBAF88E3,2021-10-03,10:01:55,28.72,45.21,0.0,0.0,0.0
B827EBCBB4B4,2021-10-03,10:03:11,24.0,53.52,0.0,0.0,0.0
B827EB4D4017,2021-10-03,10:04:55,30.58,62.88,2.0,0.0,0.0
B827EB37A814,2021-10-03,10:05:59,25.45,48.59,1.0,0.0,0.0
B827EBAF88E3,2021-10-03,10:06:56,28.79,45.0,0.0,0.0,0.0
B827EBCBB4B4,2021-10-03,10:08:12,23.98,53.42,0.0,0.0,0.0
B827EB4D4017,2021-10-03,10:09:56,30.58,62.79,0.0,0.0,0.0
B827EB37A814,2021-10-03,10:11:00,25.41,48.64,0.0,0.0,0.0
B827EBAF88E3,2021-10-03,10:11:57,28.89,44.64,0.0,0.0,0.0
B827EBCBB4B4,2021-10-03,10:13:13,23.91,53.68,0.0,0.0,0.0
B827EB4D4017,2021-10-03,10:14:56,30.59,62.93,1.0,0.0,0.0
B827EB37A814,2021-10-03,10:16:00,25.41,48.5,0.0,0.0,0.0
B827EBAF88E3,2021-10-03,10:16:57,28.82,44.21,0.0,0.0,0.0
B827EBCBB4B4,2021-10-03,10:18:13,23.94,53.53,0.0,0.0,0.0
B827EB4D4017,2021-10-03,10:19:57,30.51,63.08,2.0,0.0,0.0
B827EB37A814,2021-10-03,10:21:01,25.37,48.6,0.0,0.0,0.0
B827EBAF88E3,2021-10-03,10:21:58,28.82,43.67,0.0,0.0,0.0
B827EBCBB4B4,2021-10-03,10:23:14,23.9,53.75,0.0,0.0,0.0
B827EB4D4017,2021-10-03,10:24:57,30.62,63.11,1.0,0.0,0.0
B827EB37A814,2021-10-03,10:26:02,25.34,48.56,0.0,0.0,0.0
B827EBAF88E3,2021-10-03,10:26:59,28.86,42.81,0.0,0.0,0.0
B827EBCBB4B4,2021-10-03,10:28:15,23.89,53.53,0.0,0.0,0.0
B827EB4D4017,2021-10-03,10:29:58,30.55,63.55,2.0,0.0,0.0
B827EB37A814,2021-10-03,10:31:02,25.38,48.57,0.0,0.0,0.0
B827EBAF88E3,2021-10-03,10:31:59,28.93,42.1,0.0,0.0,0.0
B827EBCBB4B4,2021-10-03,10:33:15,23.9,53.57,0.0,0.0,0.0
B827EB4D4017,2021-10-03,10:34:59,30.61,63.44,2.0,0.0,0.0
B827EB37A814,2021-10-03,10:36:03,25.34,48.56,0.0,0.0,0.0
B827EBAF88E3,2021-10-03,10:37:00,28.97,41.52,0.0,0.0,0.0
B827EBCBB4B4,2021-10-03,10:38:16,23.91,53.32,0.0,0.0,0.0
B827EB4D4017,2021-10-03,10:39:59,30.58,63.1,2.0,0.0,0.0
B827EB37A814,2021-10-03,10:41:04,25.36,48.4,0.0,0.0,0.0
B827EBAF88E3,2021-10-03,10:42:01,29.04,41.07,0.0,0.0,0.0
B827EBCBB4B4,2021-10-03,10:43:17,23.94,53.36,1.0,0.0,0.0
B827EB4D4017,2021-10-03,10:45:00,30.5,63.19,2.0,0.0,0.0
B827EB37A814,2021-10-03,10:46:04,25.31,48.45,0.0,0.0,0.0
B827EBAF88E3,2021-10-03,10:47:01,29.07,41.22,0.0,0.0,0.0
B827EBCBB4B4,2021-10-03,10:48:17,23.89,53.24,0.0,0.0,0.0
B827EB4D4017,2021-10-03,10:50:00,30.47,63.84,2.0,0.0,0.0
B827EB37A814,2021-10-03,10:51:05,25.31,48.47,0.0,0.0,0.0
B827EBAF88E3,2021-10-03,10:52:02,29.06,42.14,0.0,0.0,0.0
B827EBCBB4B4,2021-10-03,10:53:18,23.94,53.15,0.0,0.0,0.0
B827EB4D4017,2021-10-03,10:55:01,30.48,64.22,3.0,0.0,0.0
B827EBAF88E3,2021-10-03,10:57:03,29.01,43.24,0.0,0.0,0.0
B827EBCBB4B4,2021-10-03,10:58:19,23.97,53.17,0.0,0.0,0.0
B827EB4D4017,2021-10-03,11:00:02,30.5,64.55,2.0,0.0,0.0
B827EB37A814,2021-10-03,11:01:06,25.3,48.45,0.0,0.0,0.0
B827EBAF88E3,2021-10-03,11:02:04,28.97,43.19,0.0,0.0,0.0
B827EBCBB4B4,2021-10-03,11:03:19,23.91,53.17,0.0,0.0,0.0
B827EB4D4017,2021-10-03,11:05:03,30.51,64.3,2.0,0.0,0.0
B827EB37A814,2021-10-03,11:06:07,25.31,48.37,0.0,0.0,0.0
B827EBAF88E3,2021-10-03,11:07:04,28.93,43.02,0.0,0.0,0.0
B827EBCBB4B4,2021-10-03,11:08:20,23.91,53.1,0.0,0.0,0.0
B827EB4D4017,2021-10-03,11:10:04,30.55,64.06,3.0,0.0,0.0
B827EB37A814,2021-10-03,11:11:08,25.29,48.42,0.0,0.0,0.0
B827EBAF88E3,2021-10-03,11:12:05,28.92,42.92,0.0,0.0,0.0
B827EBCBB4B4,2021-10-03,11:13:21,23.91,52.94,0.0,0.0,0.0
B827EB4D4017,2021-10-03,11:15:04,30.45,64.37,3.0,0.0,0.0
B827EB37A814,2021-10-03,11:16:09,25.3,48.37,0.0,0.0,0.0
B827EBAF88E3,2021-10-03,11:17:06,28.94,42.59,0.0,0.0,0.0
B827EBCBB4B4,2021-10-03,11:18:21,23.89,53.12,0.0,0.0,0.0
B827EB4D4017,2021-10-03,11:20:05,30.5,64.33,1.0,0.0,0.0
B827EB37A814,2021-10-03,11:21:09,25.27,48.36,0.0,0.0,0.0
B827EBAF88E3,2021-10-03,11:22:06,28.94,42.35,0.0,0.0,0.0
B827EBCBB4B4,2021-10-03,11:23:22,23.9,53.1,0.0,0.0,0.0
B827EB4D4017,2021-10-03,11:25:06,30.45,64.54,1.0,0.0,0.0
B827EB37A814,2021-10-03,11:26:10,25.29,48.33,1.0,0.0,0.0
B827EBAF88E3,2021-10-03,11:27:07,28.97,42.16,0.0,0.0,0.0
B827EBCBB4B4,2021-10-03,11:28:24,23.91,53.1,0.0,0.0,0.0
B827EB4D4017,2021-10-03,11:30:06,30.47,64.53,1.0,0.0,0.0
B827EB37A814,2021-10-03,11:31:11,25.27,48.46,0.0,0.0,0.0
B827EBAF88E3,2021-10-03,11:32:08,29.01,42.11,0.0,0.0,0.0
B827EBCBB4B4,2021-10-03,11:33:25,23.87,53.93,1.0,0.0,0.0
B827EB4D4017,2021-10-03,11:35:07,30.43,64.7,1.0,0.0,0.0
B827EB37A814,2021-10-03,11:36:12,25.29,49.1,1.0,0.0,0.0
B827EBAF88E3,2021-10-03,11:37:08,29.0,42.11,0.0,0.0,0.0
B827EBCBB4B4,2021-10-03,11:38:25,23.91,53.91,0.0,0.0,0.0
B827EB4D4017,2021-10-03,11:40:07,30.47,64.31,2.0,0.0,0.0
B827EB37A814,2021-10-03,11:41:13,25.29,49.16,0.0,0.0,0.0
B827EBAF88E3,2021-10-03,11:42:09,29.0,42.58,0.0,0.0,0.0
B827EBCBB4B4,2021-10-03,11:43:26,23.94,53.49,0.0,0.0,0.0
B827EB4D4017,2021-10-03,11:45:08,30.41,64.25,1.0,0.0,0.0
B827EB37A814,2021-10-03,11:46:13,25.29,48.9,0.0,0.0,0.0
B827EBAF88E3,2021-10-03,11:47:10,29.03,43.04,0.0,0.0,0.0
B827EBCBB4B4,2021-10-03,11:48:27,23.91,53.45,0.0,0.0,0.0
B827EB4D4017,2021-10-03,11:50:09,30.39,64.3,2.0,0.0,0.0
B827EB37A814,2021-10-03,11:51:14,25.31,48.69,0.0,0.0,0.0
B827EBAF88E3,2021-10-03,11:52:11,29.07,43.1,0.0,0.0,0.0
B827EBCBB4B4,2021-10-03,11:53:27,23.91,53.22,0.0,0.0,0.0
B827EB4D4017,2021-10-03,11:55:10,30.37,64.57,1.0,0.0,0.0
B827EB37A814,2021-10-03,11:56:15,25.3,48.54,0.0,0.0,0.0
B827EBAF88E3,2021-10-03,11:57:11,29.11,43.12,0.0,0.0,0.0
B827EBCBB4B4,2021-10-03,11:58:28,23.87,53.31,0.0,0.0,0.0
B827EB4D4017,2021-10-03,12:00:10,30.37,64.46,1.0,0.0,0.0
B827EB37A814,2021-10-03,12:01:15,25.3,48.52,0.0,0.0,0.0
B827EBAF88E3,2021-10-03,12:02:12,29.07,42.98,0.0,0.0,0.0
B827EBCBB4B4,2021-10-03,12:03:29,23.86,53.25,0.0,0.0,0.0
B827EB4D4017,2021-10-03,12:05:11,30.44,64.59,2.0,0.0,0.0
B827EB37A814,2021-10-03,12:06:16,25.24,48.46,0.0,0.0,0.0
B827EBAF88E3,2021-10-03,12:07:13,29.06,42.46,0.0,0.0,0.0
B827EBCBB4B4,2021-10-03,12:08:29,23.84,53.39,0.0,0.0,0.0
B827EB4D4017,2021-10-03,12:10:11,30.32,64.94,1.0,0.0,0.0
B827EB37A814,2021-10-03,12:11:17,25.27,48.39,0.0,0.0,0.0
B827EBAF88E3,2021-10-03,12:12:13,29.07,41.61,0.0,0.0,0.0
B827EBCBB4B4,2021-10-03,12:13:30,23.82,53.35,0.0,0.0,0.0
B827EB4D4017,2021-10-03,12:15:12,30.3,65.1,1.0,0.0,0.0
B827EB37A814,2021-10-03,12:16:17,25.24,48.38,1.0,0.0,0.0
B827EBAF88E3,2021-10-03,12:17:14,29.14,40.61,0.0,0.0,0.0
B827EBCBB4B4,2021-10-03,12:18:31,23.89,53.09,0.0,0.0,0.0
B827EB4D4017,2021-10-03,12:20:12,30.34,65.15,1.0,0.0,0.0
B827EB37A814,2021-10-03,12:21:18,25.23,48.38,0.0,0.0,0.0
B827EBAF88E3,2021-10-03,12:22:15,29.21,39.61,0.0,0.0,0.0
B827EBCBB4B4,2021-10-03,12:23:31,23.89,53.63,1.0,0.0,0.0
B827EB4D4017,2021-10-03,12:25:13,30.31,65.3,2.0,0.0,0.0
B827EB37A814,2021-10-03,12:26:19,25.23,48.89,0.0,0.0,0.0
B827EBAF88E3,2021-10-03,12:27:15,29.25,38.95,0.0,0.0,0.0
B827EBCBB4B4,2021-10-03,12:28:32,23.87,53.89,1.0,0.0,0.0
B827EB4D4017,2021-10-03,12:30:14,30.32,65.41,1.0,0.0,0.0
B827EB37A814,2021-10-03,12:31:19,25.27,48.84,0.0,0.0,0.0
B827EBAF88E3,2021-10-03,12:32:16,29.3,38.48,0.0,0.0,0.0
B827EBCBB4B4,2021-10-03,12:33:32,23.89,53.59,1.0,0.0,0.0
B827EB4D4017,2021-10-03,12:35:14,30.32,65.59,1.0,0.0,0.0
B827EB37A814,2021-10-03,12:36:20,25.27,48.71,0.0,0.0,0.0
B827EBAF88E3,2021-10-03,12:37:17,29.27,38.06,0.0,0.0,0.0
B827EBCBB4B4,2021-10-03,12:38:33,23.84,53.39,0.0,0.0,0.0
B827EB4D4017,2021-10-03,12:40:15,30.31,65.77,2.0,0.0,0.0
B827EB37A814,2021-10-03,12:41:21,25.26,48.54,0.0,0.0,0.0
B827EBAF88E3,2021-10-03,12:42:17,29.25,37.8,0.0,0.0,0.0
B827EBCBB4B4,2021-10-03,12:43:34,23.93,53.17,1.0,0.0,0.0
B827EB4D4017,2021-10-03,12:45:16,30.28,65.9,1.0,0.0,0.0
B827EB37A814,2021-10-03,12:46:21,25.26,48.54,0.0,0.0,0.0
B827EBAF88E3,2021-10-03,12:47:18,0.0,0.0,0.0,0.0,0.0
B827EBCBB4B4,2021-10-03,12:48:34,23.9,53.03,0.0,0.0,0.0
B827EB4D4017,2021-10-03,12:50:16,30.32,65.93,2.0,0.0,0.0
B827EB37A814,2021-10-03,12:51:24,25.21,48.43,1.0,0.0,0.0
B827EBAF88E3,2021-10-03,12:52:19,29.25,37.49,0.0,0.0,0.0
B827EBCBB4B4,2021-10-03,12:53:35,23.87,53.17,1.0,0.0,0.0
B827EB4D4017,2021-10-03,12:55:17,30.32,65.56,2.0,0.0,0.0
B827EB37A814,2021-10-03,12:56:24,25.19,48.49,1.0,0.0,0.0
B827EBAF88E3,2021-10-03,12:57:19,29.21,37.43,0.0,0.0,0.0
B827EBCBB4B4,2021-10-03,12:58:36,23.86,53.18,1.0,0.0,0.0
B827EB4D4017,2021-10-03,13:00:18,30.32,65.15,2.0,0.0,0.0
B827EB37A814,2021-10-03,13:01:25,25.19,48.52,1.0,0.0,0.0
B827EBAF88E3,2021-10-03,13:02:20,29.18,37.52,0.0,0.0,0.0
B827EBCBB4B4,2021-10-03,13:03:37,23.84,53.41,0.0,0.0,0.0
B827EB4D4017,2021-10-03,13:05:18,30.34,64.91,1.0,0.0,0.0
B827EB37A814,2021-10-03,13:06:26,25.2,48.45,0.0,0.0,0.0
B827EBAF88E3,2021-10-03,13:07:21,29.16,37.4,0.0,0.0,0.0
B827EBCBB4B4,2021-10-03,13:08:37,23.79,53.27,0.0,0.0,0.0
B827EB4D4017,2021-10-03,13:10:19,30.38,64.84,1.0,0.0,0.0
B827EB37A814,2021-10-03,13:11:26,25.2,48.47,1.0,0.0,0.0
B827EBAF88E3,2021-10-03,13:12:21,29.1,37.32,0.0,0.0,0.0
B827EBCBB4B4,2021-10-03,13:13:38,23.75,53.83,0.0,0.0,0.0
B827EB4D4017,2021-10-03,13:15:20,30.35,64.83,1.0,0.0,0.0
B827EB37A814,2021-10-03,13:16:27,25.21,48.9,1.0,0.0,0.0
B827EBAF88E3,2021-10-03,13:17:22,29.06,37.26,0.0,0.0,0.0
B827EBCBB4B4,2021-10-03,13:18:39,23.79,54.2,1.0,0.0,0.0
B827EB4D4017,2021-10-03,13:20:20,30.38,64.79,1.0,0.0,0.0
B827EB37A814,2021-10-03,13:21:28,25.2,49.47,0.0,0.0,0.0
B827EBAF88E3,2021-10-03,13:22:24,29.06,37.3,0.0,0.0,0.0
B827EBCBB4B4,2021-10-03,13:23:39,23.84,54.53,0.0,0.0,0.0
B827EB4D4017,2021-10-03,13:25:21,30.39,64.81,1.0,0.0,0.0
B827EB37A814,2021-10-03,13:26:28,25.24,49.65,0.0,0.0,0.0
B827EBAF88E3,2021-10-03,13:27:25,29.03,37.22,0.0,0.0,0.0
B827EBCBB4B4,2021-10-03,13:28:40,23.9,54.29,0.0,0.0,0.0
B827EB37A814,2021-10-03,13:31:29,25.24,49.82,0.0,0.0,0.0
B827EBAF88E3,2021-10-03,13:32:25,29.01,37.22,0.0,0.0,0.0
B827EBCBB4B4,2021-10-03,13:33:40,23.94,54.2,1.0,0.0,0.0
B827EB37A814,2021-10-03,13:36:30,25.26,49.68,0.0,0.0,0.0
B827EBAF88E3,2021-10-03,13:37:26,28.94,37.3,0.0,0.0,0.0
B827EBCBB4B4,2021-10-03,13:38:41,23.94,53.94,0.0,0.0,0.0
B827EB37A814,2021-10-03,13:41:31,25.29,49.25,0.0,0.0,0.0
B827EBAF88E3,2021-10-03,13:42:27,28.9,37.92,0.0,0.0,0.0
B827EBCBB4B4,2021-10-03,13:43:41,23.9,53.68,0.0,0.0,0.0
B827EB4D4017,2021-10-03,13:45:24,30.41,64.4,0.0,0.0,0.0
B827EB37A814,2021-10-03,13:46:31,25.24,49.06,0.0,0.0,0.0
B827EBAF88E3,2021-10-03,13:47:27,28.83,40.46,0.0,0.0,0.0
B827EBCBB4B4,2021-10-03,13:48:42,23.9,53.72,1.0,0.0,0.0
B827EB4D4017,2021-10-03,13:50:25,30.35,64.46,1.0,0.0,0.0
B827EB37A814,2021-10-03,13:51:32,25.23,48.95,0.0,0.0,0.0
B827EBAF88E3,2021-10-03,13:52:28,28.75,42.92,0.0,0.0,0.0
B827EBCBB4B4,2021-10-03,13:53:43,23.91,53.61,0.0,0.0,0.0
B827EB4D4017,2021-10-03,13:55:26,30.39,64.33,1.0,0.0,0.0
B827EB37A814,2021-10-03,13:56:33,25.23,48.8,0.0,0.0,0.0
B827EBAF88E3,2021-10-03,13:57:29,28.72,44.71,0.0,0.0,0.0
B827EBCBB4B4,2021-10-03,13:58:43,23.89,53.46,0.0,0.0,0.0
B827EB4D4017,2021-10-03,14:00:26,30.39,64.12,0.0,0.0,0.0
B827EB37A814,2021-10-03,14:01:33,25.2,48.85,0.0,0.0,0.0
B827EBAF88E3,2021-10-03,14:02:29,28.66,45.17,0.0,0.0,0.0
B827EBCBB4B4,2021-10-03,14:03:44,23.86,53.38,1.0,0.0,0.0
B827EB4D4017,2021-10-03,14:05:27,30.39,64.01,1.0,0.0,0.0
B827EBAF88E3,2021-10-03,14:07:30,28.73,45.55,0.0,0.0,0.0
B827EBCBB4B4,2021-10-03,14:08:45,23.86,53.48,0.0,0.0,0.0
B827EB4D4017,2021-10-03,14:10:27,30.39,64.07,1.0,0.0,0.0
B827EBAF88E3,2021-10-03,14:12:31,28.69,44.85,0.0,0.0,0.0
B827EBCBB4B4,2021-10-03,14:13:45,23.84,53.36,0.0,0.0,0.0
B827EB4D4017,2021-10-03,14:15:28,30.48,64.03,2.0,0.0,0.0
B827EB37A814,2021-10-03,14:16:36,25.21,48.68,0.0,0.0,0.0
B827EBAF88E3,2021-10-03,14:17:31,28.69,44.15,0.0,0.0,0.0
B827EBCBB4B4,2021-10-03,14:18:46,23.83,53.41,0.0,0.0,0.0
B827EB4D4017,2021-10-03,14:20:29,30.38,64.34,2.0,0.0,0.0
B827EB37A814,2021-10-03,14:21:37,25.2,48.67,0.0,0.0,0.0
B827EBAF88E3,2021-10-03,14:22:32,28.75,43.56,0.0,0.0,0.0
B827EBCBB4B4,2021-10-03,14:23:47,23.83,53.33,0.0,0.0,0.0
B827EB4D4017,2021-10-03,14:25:29,30.35,64.57,2.0,0.0,0.0
B827EB37A814,2021-10-03,14:26:38,25.17,48.66,0.0,0.0,0.0
B827EBAF88E3,2021-10-03,14:27:33,28.76,43.0,0.0,0.0,0.0
B827EBCBB4B4,2021-10-03,14:28:48,23.79,53.39,0.0,0.0,0.0
B827EB4D4017,2021-10-03,14:30:30,30.37,64.71,1.0,0.0,0.0
B827EB37A814,2021-10-03,14:31:38,25.19,48.63,0.0,0.0,0.0
B827EBAF88E3,2021-10-03,14:32:33,28.83,42.21,0.0,0.0,0.0
B827EBCBB4B4,2021-10-03,14:33:48,23.79,53.64,0.0,0.0,0.0
B827EB4D4017,2021-10-03,14:35:31,30.35,64.89,1.0,0.0,0.0
B827EB37A814,2021-10-03,14:36:39,25.16,48.61,0.0,0.0,0.0
B827EBAF88E3,2021-10-03,14:37:34,28.87,41.89,0.0,0.0,0.0
B827EBCBB4B4,2021-10-03,14:38:49,23.72,53.45,0.0,0.0,0.0
B827EB4D4017,2021-10-03,14:40:31,30.37,65.15,3.0,0.0,0.0
B827EB37A814,2021-10-03,14:41:40,25.14,48.63,1.0,0.0,0.0
B827EBAF88E3,2021-10-03,14:42:34,28.9,41.51,0.0,0.0,0.0
B827EBCBB4B4,2021-10-03,14:43:50,23.77,53.54,1.0,0.0,0.0
B827EB4D4017,2021-10-03,14:45:32,30.34,65.23,2.0,0.0,0.0
B827EB37A814,2021-10-03,14:46:40,25.14,48.52,0.0,0.0,0.0
B827EBAF88E3,2021-10-03,14:47:35,28.92,41.37,0.0,0.0,0.0
B827EBCBB4B4,2021-10-03,14:48:50,23.77,53.8,0.0,0.0,0.0
B827EB4D4017,2021-10-03,14:50:32,30.39,65.37,2.0,0.0,0.0
B827EB37A814,2021-10-03,14:51:41,25.16,48.61,0.0,0.0,0.0
B827EBAF88E3,2021-10-03,14:52:36,28.92,41.85,0.0,0.0,0.0
B827EBCBB4B4,2021-10-03,14:53:51,23.76,53.53,0.0,0.0,0.0
B827EB4D4017,2021-10-03,14:55:33,30.3,65.68,1.0,0.0,0.0
B827EB37A814,2021-10-03,14:56:41,25.13,48.64,1.0,0.0,0.0
B827EBAF88E3,2021-10-03,14:57:36,28.99,43.14,0.0,0.0,0.0
B827EBCBB4B4,2021-10-03,14:58:51,23.75,53.65,1.0,0.0,0.0
B827EB4D4017,2021-10-03,15:00:34,30.3,65.81,2.0,0.0,0.0
B827EB37A814,2021-10-03,15:01:42,25.13,48.62,0.0,0.0,0.0
B827EBAF88E3,2021-10-03,15:02:37,28.99,43.42,0.0,0.0,0.0
B827EBCBB4B4,2021-10-03,15:03:52,23.79,53.44,0.0,0.0,0.0
B827EB4D4017,2021-10-03,15:05:34,30.28,65.83,2.0,0.0,0.0
B827EB37A814,2021-10-03,15:06:43,25.16,48.63,1.0,0.0,0.0
B827EBAF88E3,2021-10-03,15:07:38,29.0,43.56,0.0,0.0,0.0
B827EBCBB4B4,2021-10-03,15:08:53,23.76,53.99,1.0,0.0,0.0
B827EB4D4017,2021-10-03,15:10:35,30.37,65.46,1.0,0.0,0.0
B827EB37A814,2021-10-03,15:11:43,25.13,49.18,0.0,0.0,0.0
B827EBAF88E3,2021-10-03,15:12:38,29.06,43.39,0.0,0.0,0.0
B827EBCBB4B4,2021-10-03,15:13:53,23.79,54.08,1.0,0.0,0.0
B827EB4D4017,2021-10-03,15:15:36,30.31,65.49,2.0,0.0,0.0
B827EB37A814,2021-10-03,15:16:44,25.16,49.15,0.0,0.0,0.0
B827EBAF88E3,2021-10-03,15:17:39,28.94,43.24,0.0,0.0,0.0
B827EBCBB4B4,2021-10-03,15:18:54,23.82,53.87,0.0,0.0,0.0
B827EB4D4017,2021-10-03,15:20:36,30.32,65.5,2.0,0.0,0.0
B827EB37A814,2021-10-03,15:21:45,25.19,48.98,0.0,0.0,0.0
B827EBAF88E3,2021-10-03,15:22:40,28.93,42.61,0.0,0.0,0.0
B827EBCBB4B4,2021-10-03,15:23:55,23.75,53.67,1.0,0.0,0.0
B827EB4D4017,2021-10-03,15:25:38,30.35,65.3,2.0,0.0,0.0
B827EB37A814,2021-10-03,15:26:46,25.17,48.78,0.0,0.0,0.0
B827EBAF88E3,2021-10-03,15:27:40,28.94,42.61,0.0,0.0,0.0
B827EBCBB4B4,2021-10-03,15:28:55,23.73,53.45,0.0,0.0,0.0
B827EB4D4017,2021-10-03,15:30:38,30.31,65.47,2.0,0.0,0.0
B827EB37A814,2021-10-03,15:31:46,25.14,48.7,1.0,0.0,0.0
B827EBAF88E3,2021-10-03,15:32:41,29.01,42.86,0.0,0.0,0.0
B827EBCBB4B4,2021-10-03,15:33:56,23.75,53.57,0.0,0.0,0.0
B827EB4D4017,2021-10-03,15:35:39,30.3,65.72,1.0,0.0,0.0
B827EB37A814,2021-10-03,15:36:47,25.14,48.69,1.0,0.0,0.0
B827EBAF88E3,2021-10-03,15:37:42,29.1,42.74,0.0,0.0,0.0
B827EBCBB4B4,2021-10-03,15:38:57,23.72,53.37,1.0,0.0,0.0
B827EB4D4017,2021-10-03,15:40:40,30.32,65.8,2.0,0.0,0.0
B827EB37A814,2021-10-03,15:41:47,25.13,48.76,1.0,0.0,0.0
B827EBAF88E3,2021-10-03,15:42:42,29.08,42.84,0.0,0.0,0.0
B827EBCBB4B4,2021-10-03,15:43:58,23.72,53.93,0.0,0.0,0.0
B827EB4D4017,2021-10-03,15:45:40,30.34,65.78,2.0,0.0,0.0
B827EB37A814,2021-10-03,15:46:48,25.13,49.34,1.0,0.0,0.0
B827EBAF88E3,2021-10-03,15:47:43,29.13,42.82,0.0,0.0,0.0
B827EBCBB4B4,2021-10-03,15:48:58,23.71,54.69,1.0,0.0,0.0
B827EB4D4017,2021-10-03,15:50:41,30.31,65.79,2.0,0.0,0.0
B827EB37A814,2021-10-03,15:51:49,25.13,49.73,1.0,0.0,0.0
B827EBAF88E3,2021-10-03,15:52:44,29.2,42.59,0.0,0.0,0.0
B827EBCBB4B4,2021-10-03,15:53:59,23.83,54.67,0.0,0.0,0.0
B827EB4D4017,2021-10-03,15:55:42,30.31,65.74,2.0,0.0,0.0
B827EB37A814,2021-10-03,15:56:49,25.17,49.98,0.0,0.0,0.0
B827EBAF88E3,2021-10-03,15:57:44,29.11,42.46,0.0,0.0,0.0
B827EBCBB4B4,2021-10-03,15:58:59,23.86,54.38,0.0,0.0,0.0
B827EB4D4017,2021-10-03,16:00:42,30.37,65.4,2.0,0.0,0.0
B827EB37A814,2021-10-03,16:01:50,25.16,49.71,0.0,0.0,0.0
B827EBAF88E3,2021-10-03,16:02:45,29.16,41.71,0.0,0.0,0.0
B827EBCBB4B4,2021-10-03,16:04:00,23.86,53.85,1.0,0.0,0.0
B827EB4D4017,2021-10-03,16:05:43,30.31,65.54,2.0,0.0,0.0
B827EB37A814,2021-10-03,16:06:51,25.19,49.35,0.0,0.0,0.0
B827EBAF88E3,2021-10-03,16:07:46,29.2,40.92,0.0,0.0,0.0
B827EBCBB4B4,2021-10-03,16:09:01,23.84,54.07,1.0,0.0,0.0
B827EB4D4017,2021-10-03,16:10:44,30.3,65.42,1.0,0.0,0.0
B827EB37A814,2021-10-03,16:11:52,25.17,49.61,1.0,0.0,0.0
B827EBAF88E3,2021-10-03,16:12:46,29.31,39.85,0.0,0.0,0.0
B827EBCBB4B4,2021-10-03,16:14:01,23.84,54.29,1.0,0.0,0.0
B827EB4D4017,2021-10-03,16:15:45,30.27,65.45,2.0,0.0,0.0
B827EB37A814,2021-10-03,16:16:52,25.2,49.71,0.0,0.0,0.0
B827EBAF88E3,2021-10-03,16:17:47,29.34,39.27,0.0,0.0,0.0
B827EBCBB4B4,2021-10-03,16:19:02,23.83,54.34,1.0,0.0,0.0
B827EB4D4017,2021-10-03,16:20:45,30.27,65.47,2.0,0.0,0.0
B827EB37A814,2021-10-03,16:21:53,25.19,49.41,2.0,0.0,0.0
B827EBAF88E3,2021-10-03,16:22:48,29.37,38.74,0.0,0.0,0.0
B827EBCBB4B4,2021-10-03,16:24:03,23.83,53.8,1.0,0.0,0.0
B827EB37A814,2021-10-03,16:26:54,25.17,49.14,1.0,0.0,0.0
B827EBAF88E3,2021-10-03,16:27:48,29.38,38.58,0.0,0.0,0.0
B827EBCBB4B4,2021-10-03,16:29:03,23.83,53.57,1.0,0.0,0.0
B827EB37A814,2021-10-03,16:31:54,25.17,48.94,1.0,0.0,0.0
B827EBAF88E3,2021-10-03,16:32:49,29.35,38.98,0.0,0.0,0.0
B827EBCBB4B4,2021-10-03,16:34:04,23.86,53.89,0.0,0.0,0.0
B827EB4D4017,2021-10-03,16:35:48,30.32,65.26,2.0,0.0,0.0
B827EB37A814,2021-10-03,16:36:55,25.17,49.24,2.0,0.0,0.0
B827EBAF88E3,2021-10-03,16:37:50,29.28,40.01,0.0,0.0,0.0
B827EBCBB4B4,2021-10-03,16:39:05,23.84,54.12,1.0,0.0,0.0
B827EB4D4017,2021-10-03,16:40:49,30.27,65.41,1.0,0.0,0.0
B827EB37A814,2021-10-03,16:41:56,25.16,49.7,2.0,0.0,0.0
B827EBAF88E3,2021-10-03,16:42:50,29.27,41.12,0.0,0.0,0.0
B827EBCBB4B4,2021-10-03,16:44:05,23.89,54.54,2.0,0.0,0.0
B827EB37A814,2021-10-03,16:46:56,25.16,50.0,1.0,0.0,0.0
B827EBAF88E3,2021-10-03,16:47:51,29.23,42.75,0.0,0.0,0.0
B827EBCBB4B4,2021-10-03,16:49:06,23.94,54.07,2.0,0.0,0.0
B827EB4D4017,2021-10-03,16:50:50,30.26,65.45,1.0,0.0,0.0
B827EB37A814,2021-10-03,16:51:57,25.16,49.67,1.0,0.0,0.0
B827EBAF88E3,2021-10-03,16:52:52,29.23,43.41,0.0,0.0,0.0
B827EBCBB4B4,2021-10-03,16:54:07,23.93,54.09,1.0,0.0,0.0
B827EB4D4017,2021-10-03,16:55:51,30.23,65.39,1.0,0.0,0.0
B827EB37A814,2021-10-03,16:56:58,25.17,49.36,1.0,0.0,0.0
B827EBAF88E3,2021-10-03,16:57:52,29.2,43.43,0.0,0.0,0.0
B827EBCBB4B4,2021-10-03,16:59:08,23.9,53.79,1.0,0.0,0.0
B827EB4D4017,2021-10-03,17:00:52,30.26,65.25,4.0,0.0,0.0
B827EB37A814,2021-10-03,17:01:58,25.16,49.19,1.0,0.0,0.0
B827EBAF88E3,2021-10-03,17:02:53,29.13,43.03,0.0,0.0,0.0
B827EBCBB4B4,2021-10-03,17:04:08,23.84,53.59,2.0,0.0,0.0
B827EB4D4017,2021-10-03,17:05:53,30.32,65.15,2.0,0.0,0.0
B827EB37A814,2021-10-03,17:06:59,25.16,49.03,1.0,0.0,0.0
B827EBAF88E3,2021-10-03,17:07:54,29.1,42.68,0.0,0.0,0.0
B827EBCBB4B4,2021-10-03,17:09:09,23.84,53.59,0.0,0.0,0.0
B827EB4D4017,2021-10-03,17:10:54,30.26,65.52,2.0,0.0,0.0
B827EB37A814,2021-10-03,17:11:59,25.12,49.03,1.0,0.0,0.0
B827EBAF88E3,2021-10-03,17:12:54,29.06,42.33,0.0,0.0,0.0
B827EBCBB4B4,2021-10-03,17:14:10,23.82,53.64,1.0,0.0,0.0
B827EB4D4017,2021-10-03,17:15:55,30.27,65.63,2.0,0.0,0.0
B827EB37A814,2021-10-03,17:17:00,25.13,48.94,1.0,0.0,0.0
B827EBAF88E3,2021-10-03,17:17:55,29.1,41.87,0.0,0.0,0.0
B827EBCBB4B4,2021-10-03,17:19:10,23.76,53.57,2.0,0.0,0.0
B827EB4D4017,2021-10-03,17:20:55,30.24,65.8,3.0,0.0,0.0
B827EB37A814,2021-10-03,17:22:01,25.12,48.98,1.0,0.0,0.0
B827EBAF88E3,2021-10-03,17:22:56,29.17,41.1,0.0,0.0,0.0
B827EBCBB4B4,2021-10-03,17:24:11,23.76,53.85,2.0,0.0,0.0
B827EB4D4017,2021-10-03,17:25:56,30.23,65.98,3.0,0.0,0.0
B827EB37A814,2021-10-03,17:27:01,25.12,49.27,2.0,0.0,0.0
B827EBAF88E3,2021-10-03,17:27:56,29.24,40.5,0.0,0.0,0.0
B827EBCBB4B4,2021-10-03,17:29:12,23.8,54.19,1.0,0.0,0.0
B827EB4D4017,2021-10-03,17:30:57,30.26,66.14,4.0,0.0,0.0
B827EB37A814,2021-10-03,17:32:02,25.14,49.76,1.0,0.0,0.0
B827EBAF88E3,2021-10-03,17:32:57,29.24,40.04,0.0,0.0,0.0
B827EBCBB4B4,2021-10-03,17:34:13,23.87,54.36,1.0,0.0,0.0
B827EB4D4017,2021-10-03,17:35:57,30.24,66.35,3.0,0.0,0.0
B827EB37A814,2021-10-03,17:37:03,25.16,49.84,1.0,0.0,0.0
B827EBAF88E3,2021-10-03,17:37:58,29.27,40.44,0.0,0.0,0.0
B827EBCBB4B4,2021-10-03,17:39:13,23.86,54.11,1.0,0.0,0.0
B827EB4D4017,2021-10-03,17:40:58,30.26,66.67,3.0,0.0,0.0
B827EB37A814,2021-10-03,17:42:04,25.14,49.5,0.0,0.0,0.0
B827EBAF88E3,2021-10-03,17:42:58,29.18,42.31,0.0,0.0,0.0
B827EBCBB4B4,2021-10-03,17:44:14,23.84,54.19,1.0,0.0,0.0
B827EB4D4017,2021-10-03,17:45:59,30.21,66.99,2.0,0.0,0.0
B827EB37A814,2021-10-03,17:47:05,25.12,49.47,1.0,0.0,0.0
B827EBAF88E3,2021-10-03,17:47:59,29.16,42.96,0.0,0.0,0.0
B827EBCBB4B4,2021-10-03,17:49:15,23.83,53.75,1.0,0.0,0.0
B827EB4D4017,2021-10-03,17:50:59,0.0,0.0,0.0,0.0,0.0
B827EB37A814,2021-10-03,17:52:05,25.12,49.36,1.0,0.0,0.0
B827EBAF88E3,2021-10-03,17:53:00,29.13,42.94,0.0,0.0,0.0
B827EBCBB4B4,2021-10-03,17:54:16,23.8,53.67,1.0,0.0,0.0
B827EB4D4017,2021-10-03,17:56:00,30.27,67.33,3.0,0.0,0.0
B827EB37A814,2021-10-03,17:57:06,25.1,49.33,0.0,0.0,0.0
B827EBAF88E3,2021-10-03,17:58:01,29.04,42.64,0.0,0.0,0.0
B827EBCBB4B4,2021-10-03,17:59:16,23.77,53.66,1.0,0.0,0.0
B827EB4D4017,2021-10-03,18:01:01,30.23,67.53,3.0,0.0,0.0
B827EB37A814,2021-10-03,18:02:07,25.12,49.27,1.0,0.0,0.0
B827EBAF88E3,2021-10-03,18:03:01,29.03,42.05,0.0,0.0,0.0
B827EBCBB4B4,2021-10-03,18:04:17,23.73,53.93,1.0,0.0,0.0
B827EB4D4017,2021-10-03,18:06:01,30.18,67.78,3.0,0.0,0.0
B827EB37A814,2021-10-03,18:07:07,25.1,49.24,1.0,0.0,0.0
B827EBAF88E3,2021-10-03,18:08:02,29.1,41.14,0.0,0.0,0.0
B827EBCBB4B4,2021-10-03,18:09:17,23.79,53.74,1.0,0.0,0.0
B827EB4D4017,2021-10-03,18:11:02,30.34,67.36,3.0,0.0,0.0
B827EB37A814,2021-10-03,18:12:08,25.09,49.23,1.0,0.0,0.0
B827EBAF88E3,2021-10-03,18:13:03,29.17,40.27,0.0,0.0,0.0
B827EBCBB4B4,2021-10-03,18:14:18,23.76,53.71,1.0,0.0,0.0
B827EB4D4017,2021-10-03,18:16:03,30.17,67.74,4.0,0.0,0.0
B827EB37A814,2021-10-03,18:17:09,25.08,49.27,0.0,0.0,0.0
B827EBAF88E3,2021-10-03,18:18:03,29.21,39.53,0.0,0.0,0.0
B827EBCBB4B4,2021-10-03,18:19:19,23.72,53.69,1.0,0.0,0.0
B827EB4D4017,2021-10-03,18:21:03,30.18,67.68,1.0,0.0,0.0
B827EB37A814,2021-10-03,18:22:09,25.09,49.28,1.0,0.0,0.0
B827EBAF88E3,2021-10-03,18:23:04,29.23,38.97,0.0,0.0,0.0
B827EBCBB4B4,2021-10-03,18:24:19,23.73,53.74,1.0,0.0,0.0
B827EB37A814,2021-10-03,18:27:10,25.05,49.19,2.0,0.0,0.0
B827EBAF88E3,2021-10-03,18:28:05,29.21,38.57,0.0,0.0,0.0
B827EBCBB4B4,2021-10-03,18:29:20,0.0,0.0,0.0,0.0,0.0
B827EB37A814,2021-10-03,18:32:11,25.02,49.19,2.0,0.0,0.0
B827EBAF88E3,2021-10-03,18:33:06,29.21,38.41,0.0,0.0,0.0
B827EBCBB4B4,2021-10-03,18:34:23,23.75,53.51,2.0,0.0,0.0
B827EB37A814,2021-10-03,18:37:11,25.05,49.22,2.0,0.0,0.0
B827EBAF88E3,2021-10-03,18:38:07,29.21,38.34,0.0,0.0,0.0
B827EBCBB4B4,2021-10-03,18:39:23,23.73,53.66,1.0,0.0,0.0
B827EB4D4017,2021-10-03,18:41:06,30.24,67.99,2.0,0.0,0.0
B827EB37A814,2021-10-03,18:42:12,25.03,49.24,2.0,0.0,0.0
B827EBAF88E3,2021-10-03,18:43:07,29.16,38.87,0.0,0.0,0.0
B827EBCBB4B4,2021-10-03,18:44:24,23.76,53.45,2.0,0.0,0.0
B827EB4D4017,2021-10-03,18:46:07,30.21,68.22,2.0,0.0,0.0
B827EB37A814,2021-10-03,18:47:13,25.05,49.19,2.0,0.0,0.0
B827EBAF88E3,2021-10-03,18:48:08,29.1,40.94,0.0,0.0,0.0
B827EBCBB4B4,2021-10-03,18:49:25,23.71,53.49,1.0,0.0,0.0
B827EB4D4017,2021-10-03,18:51:07,30.23,68.3,3.0,0.0,0.0
B827EB37A814,2021-10-03,18:52:13,25.03,49.19,2.0,0.0,0.0
B827EBAF88E3,2021-10-03,18:53:09,29.01,42.98,0.0,0.0,0.0
B827EBCBB4B4,2021-10-03,18:54:25,23.71,53.65,2.0,0.0,0.0
B827EB4D4017,2021-10-03,18:56:08,30.26,68.36,3.0,0.0,0.0
B827EB37A814,2021-10-03,18:57:14,24.99,49.24,1.0,0.0,0.0
B827EBAF88E3,2021-10-03,18:58:09,28.93,44.37,0.0,0.0,0.0
B827EBCBB4B4,2021-10-03,18:59:26,23.71,53.63,2.0,0.0,0.0
B827EB4D4017,2021-10-03,19:01:09,30.2,68.47,2.0,0.0,0.0
B827EB37A814,2021-10-03,19:02:15,25.02,49.29,1.0,0.0,0.0
B827EBAF88E3,2021-10-03,19:03:10,28.94,44.59,0.0,0.0,0.0
B827EBCBB4B4,2021-10-03,19:04:27,23.71,53.54,2.0,0.0,0.0
B827EB4D4017,2021-10-03,19:06:09,30.21,68.43,2.0,0.0,0.0
B827EB37A814,2021-10-03,19:07:15,24.98,49.26,1.0,0.0,0.0
B827EBAF88E3,2021-10-03,19:08:11,28.99,44.39,0.0,0.0,0.0
B827EBCBB4B4,2021-10-03,19:09:27,23.71,53.54,2.0,0.0,0.0
B827EB4D4017,2021-10-03,19:11:10,30.2,68.4,1.0,0.0,0.0
B827EB37A814,2021-10-03,19:12:16,24.99,49.31,1.0,0.0,0.0
B827EBAF88E3,2021-10-03,19:13:11,28.96,43.87,0.0,0.0,0.0
B827EBCBB4B4,2021-10-03,19:14:28,23.67,53.62,2.0,0.0,0.0
B827EB4D4017,2021-10-03,19:16:11,30.2,68.39,2.0,0.0,0.0
B827EB37A814,2021-10-03,19:17:17,24.98,49.26,1.0,0.0,0.0
B827EBAF88E3,2021-10-03,19:18:12,28.96,42.97,0.0,0.0,0.0
B827EBCBB4B4,2021-10-03,19:19:29,23.67,53.77,1.0,0.0,0.0
B827EB4D4017,2021-10-03,19:21:11,30.21,68.55,2.0,0.0,0.0
B827EB37A814,2021-10-03,19:22:17,24.98,49.25,0.0,0.0,0.0
B827EBAF88E3,2021-10-03,19:23:13,29.0,41.98,0.0,0.0,0.0
B827EBCBB4B4,2021-10-03,19:24:29,23.65,53.65,1.0,0.0,0.0
B827EB4D4017,2021-10-03,19:26:12,30.23,68.48,2.0,0.0,0.0
B827EB37A814,2021-10-03,19:27:18,24.98,49.26,1.0,0.0,0.0
B827EBAF88E3,2021-10-03,19:28:13,29.08,40.9,0.0,0.0,0.0
B827EBCBB4B4,2021-10-03,19:29:30,23.67,53.65,1.0,0.0,0.0
B827EB4D4017,2021-10-03,19:31:13,30.17,68.35,2.0,0.0,0.0
B827EB37A814,2021-10-03,19:32:19,24.98,49.27,1.0,0.0,0.0
B827EBAF88E3,2021-10-03,19:33:14,29.16,39.84,0.0,0.0,0.0
B827EBCBB4B4,2021-10-03,19:34:30,23.65,53.72,1.0,0.0,0.0
B827EB4D4017,2021-10-03,19:36:13,30.17,68.37,3.0,0.0,0.0
B827EBAF88E3,2021-10-03,19:38:14,29.18,39.24,0.0,0.0,0.0
B827EBCBB4B4,2021-10-03,19:39:31,23.63,54.12,1.0,0.0,0.0
B827EB4D4017,2021-10-03,19:41:14,30.18,68.41,1.0,0.0,0.0
B827EBAF88E3,2021-10-03,19:43:15,29.2,38.66,0.0,0.0,0.0
B827EBCBB4B4,2021-10-03,19:44:32,0.0,0.0,0.0,0.0,0.0
B827EB4D4017,2021-10-03,19:46:15,30.17,68.48,1.0,0.0,0.0
B827EB37A814,2021-10-03,19:47:20,24.99,49.37,1.0,0.0,0.0
B827EBAF88E3,2021-10-03,19:48:16,29.2,38.3,0.0,0.0,0.0
B827EBCBB4B4,2021-10-03,19:49:32,23.63,53.73,1.0,0.0,0.0
B827EB4D4017,2021-10-03,19:51:15,30.2,68.47,2.0,0.0,0.0
B827EB37A814,2021-10-03,19:52:21,24.98,49.38,1.0,0.0,0.0
B827EBAF88E3,2021-10-03,19:53:16,29.2,38.14,0.0,0.0,0.0
B827EBCBB4B4,2021-10-03,19:54:33,23.65,53.82,1.0,0.0,0.0
B827EB4D4017,2021-10-03,19:56:16,30.2,68.48,1.0,0.0,0.0
B827EB37A814,2021-10-03,19:57:22,24.98,49.35,0.0,0.0,0.0
B827EBAF88E3,2021-10-03,19:58:17,29.17,37.95,0.0,0.0,0.0
B827EBCBB4B4,2021-10-03,19:59:34,23.63,53.75,1.0,0.0,0.0
B827EB4D4017,2021-10-03,20:01:17,30.17,68.48,2.0,0.0,0.0
B827EB37A814,2021-10-03,20:02:23,24.96,49.33,1.0,0.0,0.0
B827EBAF88E3,2021-10-03,20:03:18,29.16,38.06,0.0,0.0,0.0
B827EBCBB4B4,2021-10-03,20:04:34,23.65,53.72,0.0,0.0,0.0
B827EB4D4017,2021-10-03,20:06:17,30.16,68.27,2.0,0.0,0.0
B827EB37A814,2021-10-03,20:07:25,24.95,49.41,1.0,0.0,0.0
B827EBAF88E3,2021-10-03,20:08:18,29.11,39.1,0.0,0.0,0.0
B827EBCBB4B4,2021-10-03,20:09:35,23.62,53.75,0.0,0.0,0.0
B827EB4D4017,2021-10-03,20:11:18,30.14,68.16,2.0,0.0,0.0
B827EB37A814,2021-10-03,20:12:25,24.96,49.39,1.0,0.0,0.0
B827EBAF88E3,2021-10-03,20:13:19,29.03,41.6,0.0,0.0,0.0
B827EBCBB4B4,2021-10-03,20:14:36,23.65,53.76,0.0,0.0,0.0
B827EB4D4017,2021-10-03,20:16:18,30.13,68.22,3.0,0.0,0.0
B827EB37A814,2021-10-03,20:17:26,24.94,49.36,1.0,0.0,0.0
B827EBAF88E3,2021-10-03,20:18:20,28.94,43.66,0.0,0.0,0.0
B827EBCBB4B4,2021-10-03,20:19:36,23.66,54.2,0.0,0.0,0.0
B827EB4D4017,2021-10-03,20:21:19,30.14,68.09,1.0,0.0,0.0
B827EB37A814,2021-10-03,20:22:27,24.95,49.93,1.0,0.0,0.0
B827EBAF88E3,2021-10-03,20:23:20,28.9,44.96,0.0,0.0,0.0
B827EBCBB4B4,2021-10-03,20:24:37,23.67,54.67,1.0,0.0,0.0
B827EB4D4017,2021-10-03,20:26:20,30.11,68.13,2.0,0.0,0.0
B827EB37A814,2021-10-03,20:27:27,24.98,50.54,1.0,0.0,0.0
B827EBAF88E3,2021-10-03,20:28:21,28.87,45.05,0.0,0.0,0.0
B827EBCBB4B4,2021-10-03,20:29:38,23.72,55.26,1.0,0.0,0.0
B827EB4D4017,2021-10-03,20:31:20,30.14,68.08,1.0,0.0,0.0
B827EB37A814,2021-10-03,20:32:28,25.01,51.08,2.0,0.0,0.0
B827EBAF88E3,2021-10-03,20:33:22,28.82,44.48,0.0,0.0,0.0
B827EBCBB4B4,2021-10-03,20:34:38,23.82,54.82,0.0,0.0,0.0
B827EB4D4017,2021-10-03,20:36:21,30.14,68.03,2.0,0.0,0.0
B827EB37A814,2021-10-03,20:37:29,25.02,50.84,2.0,0.0,0.0
B827EBAF88E3,2021-10-03,20:38:22,28.83,43.84,0.0,0.0,0.0
B827EBCBB4B4,2021-10-03,20:39:39,23.82,54.51,1.0,0.0,0.0
B827EB4D4017,2021-10-03,20:41:22,30.14,68.12,2.0,0.0,0.0
B827EB37A814,2021-10-03,20:42:29,25.02,50.29,2.0,0.0,0.0
B827EBAF88E3,2021-10-03,20:43:24,28.87,43.3,0.0,0.0,0.0
B827EBCBB4B4,2021-10-03,20:44:40,23.79,54.42,1.0,0.0,0.0
B827EB4D4017,2021-10-03,20:46:22,30.14,68.25,2.0,0.0,0.0
B827EB37A814,2021-10-03,20:47:30,25.01,50.36,1.0,0.0,0.0
B827EBAF88E3,2021-10-03,20:48:25,28.92,42.44,0.0,0.0,0.0
B827EBCBB4B4,2021-10-03,20:49:40,23.82,54.67,1.0,0.0,0.0
B827EB4D4017,2021-10-03,20:51:23,30.13,68.36,3.0,0.0,0.0
B827EB37A814,2021-10-03,20:52:30,25.01,50.78,1.0,0.0,0.0
B827EBAF88E3,2021-10-03,20:53:25,28.97,41.84,0.0,0.0,0.0
B827EBCBB4B4,2021-10-03,20:54:41,23.83,54.21,1.0,0.0,0.0
B827EB4D4017,2021-10-03,20:56:24,30.11,68.39,2.0,0.0,0.0
B827EB37A814,2021-10-03,20:57:31,25.02,50.44,1.0,0.0,0.0
B827EBAF88E3,2021-10-03,20:58:26,28.99,41.27,0.0,0.0,0.0
B827EBCBB4B4,2021-10-03,20:59:42,23.84,54.09,2.0,0.0,0.0
B827EB4D4017,2021-10-03,21:01:24,30.13,68.52,1.0,0.0,0.0
B827EB37A814,2021-10-03,21:02:32,25.01,50.04,2.0,0.0,0.0
B827EBAF88E3,2021-10-03,21:03:27,29.03,40.88,0.0,0.0,0.0
B827EBCBB4B4,2021-10-03,21:04:42,23.84,53.9,1.0,0.0,0.0
B827EB4D4017,2021-10-03,21:06:25,30.09,68.42,2.0,0.0,0.0
B827EB37A814,2021-10-03,21:07:33,24.99,49.8,2.0,0.0,0.0
B827EBAF88E3,2021-10-03,21:08:27,29.07,40.77,0.0,0.0,0.0
B827EBCBB4B4,2021-10-03,21:09:43,23.83,53.88,1.0,0.0,0.0
B827EB4D4017,2021-10-03,21:11:26,30.07,68.25,2.0,0.0,0.0
B827EB37A814,2021-10-03,21:12:33,24.98,49.72,2.0,0.0,0.0
B827EBAF88E3,2021-10-03,21:13:28,29.04,41.63,0.0,0.0,0.0
B827EBCBB4B4,2021-10-03,21:14:44,23.75,54.28,1.0,0.0,0.0
B827EB4D4017,2021-10-03,21:16:26,30.1,68.14,1.0,0.0,0.0
B827EB37A814,2021-10-03,21:17:34,24.96,49.65,2.0,0.0,0.0
B827EBAF88E3,2021-10-03,21:18:29,28.97,43.09,0.0,0.0,0.0
B827EBCBB4B4,2021-10-03,21:19:44,23.73,53.96,1.0,0.0,0.0
B827EB4D4017,2021-10-03,21:21:27,30.07,67.95,2.0,0.0,0.0
B827EB37A814,2021-10-03,21:22:35,24.95,49.58,1.0,0.0,0.0
B827EBAF88E3,2021-10-03,21:23:29,29.0,43.7,0.0,0.0,0.0
B827EBCBB4B4,2021-10-03,21:24:45,23.72,54.01,1.0,0.0,0.0
B827EB4D4017,2021-10-03,21:26:27,30.06,67.65,2.0,0.0,0.0
B827EB37A814,2021-10-03,21:27:35,24.95,49.88,0.0,0.0,0.0
B827EBAF88E3,2021-10-03,21:28:30,29.01,43.75,0.0,0.0,0.0
B827EBCBB4B4,2021-10-03,21:29:46,23.75,54.45,1.0,0.0,0.0
B827EB4D4017,2021-10-03,21:31:28,30.09,67.11,2.0,0.0,0.0
B827EB37A814,2021-10-03,21:32:36,24.95,50.19,1.0,0.0,0.0
B827EBAF88E3,2021-10-03,21:33:30,29.06,43.69,0.0,0.0,0.0
B827EBCBB4B4,2021-10-03,21:34:46,23.73,54.16,1.0,0.0,0.0
B827EB4D4017,2021-10-03,21:36:29,30.09,67.08,1.0,0.0,0.0
B827EB37A814,2021-10-03,21:37:36,24.95,49.97,1.0,0.0,0.0
B827EBAF88E3,2021-10-03,21:38:31,29.1,43.4,0.0,0.0,0.0
B827EBCBB4B4,2021-10-03,21:39:47,23.75,54.02,1.0,0.0,0.0
B827EB4D4017,2021-10-03,21:41:29,30.1,67.09,1.0,0.0,0.0
B827EB37A814,2021-10-03,21:42:37,24.95,49.67,1.0,0.0,0.0
B827EBAF88E3,2021-10-03,21:43:32,28.97,43.31,0.0,0.0,0.0
B827EBCBB4B4,2021-10-03,21:44:48,23.67,53.78,0.0,0.0,0.0
B827EB4D4017,2021-10-03,21:46:30,30.07,66.95,2.0,0.0,0.0
B827EB37A814,2021-10-03,21:47:38,24.96,49.42,1.0,0.0,0.0
B827EBAF88E3,2021-10-03,21:48:32,29.0,42.29,0.0,0.0,0.0
B827EBCBB4B4,2021-10-03,21:49:48,23.66,53.82,1.0,0.0,0.0
B827EB4D4017,2021-10-03,21:51:31,30.04,66.94,1.0,0.0,0.0
B827EB37A814,2021-10-03,21:52:39,24.92,49.4,0.0,0.0,0.0
B827EBAF88E3,2021-10-03,21:53:33,29.03,41.16,0.0,0.0,0.0
B827EBCBB4B4,2021-10-03,21:54:49,23.65,53.7,1.0,0.0,0.0
B827EB4D4017,2021-10-03,21:56:31,30.07,66.79,1.0,0.0,0.0
B827EB37A814,2021-10-03,21:57:39,24.94,49.33,1.0,0.0,0.0
B827EBAF88E3,2021-10-03,21:58:34,29.14,40.01,0.0,0.0,0.0
B827EBCBB4B4,2021-10-03,21:59:50,23.69,53.78,1.0,0.0,0.0
B827EB4D4017,2021-10-03,22:01:32,30.07,66.76,1.0,0.0,0.0
B827EB37A814,2021-10-03,22:02:40,24.92,49.34,0.0,0.0,0.0
B827EBAF88E3,2021-10-03,22:03:35,29.18,39.11,0.0,0.0,0.0
B827EBCBB4B4,2021-10-03,22:04:50,23.66,53.83,0.0,0.0,0.0
B827EB4D4017,2021-10-03,22:06:33,30.09,66.77,2.0,0.0,0.0
B827EB37A814,2021-10-03,22:07:41,24.89,49.32,0.0,0.0,0.0
B827EBAF88E3,2021-10-03,22:08:35,29.24,38.66,0.0,0.0,0.0
B827EBCBB4B4,2021-10-03,22:09:51,23.66,53.77,0.0,0.0,0.0
B827EB4D4017,2021-10-03,22:11:33,30.07,66.58,2.0,0.0,0.0
B827EB37A814,2021-10-03,22:12:41,24.86,49.32,0.0,0.0,0.0
B827EBAF88E3,2021-10-03,22:13:36,29.25,38.39,0.0,0.0,0.0
B827EBCBB4B4,2021-10-03,22:14:52,23.63,53.86,0.0,0.0,0.0
B827EB4D4017,2021-10-03,22:16:34,30.03,66.44,2.0,0.0,0.0
B827EB37A814,2021-10-03,22:17:42,24.88,49.32,0.0,0.0,0.0
B827EBAF88E3,2021-10-03,22:18:37,29.21,38.11,0.0,0.0,0.0
B827EBCBB4B4,2021-10-03,22:19:53,23.62,53.74,0.0,0.0,0.0
B827EB4D4017,2021-10-03,22:21:35,30.03,66.24,1.0,0.0,0.0
B827EB37A814,2021-10-03,22:22:42,24.86,49.3,1.0,0.0,0.0
B827EBAF88E3,2021-10-03,22:23:37,29.21,37.98,0.0,0.0,0.0
B827EBCBB4B4,2021-10-03,22:24:53,23.6,53.92,0.0,0.0,0.0
B827EB4D4017,2021-10-03,22:26:35,30.04,66.12,1.0,0.0,0.0
B827EB37A814,2021-10-03,22:27:43,24.85,49.41,0.0,0.0,0.0
B827EBAF88E3,2021-10-03,22:28:38,29.18,38.23,0.0,0.0,0.0
B827EBCBB4B4,2021-10-03,22:29:54,23.65,53.7,1.0,0.0,0.0
B827EB4D4017,2021-10-03,22:31:36,30.03,66.14,1.0,0.0,0.0
B827EB37A814,2021-10-03,22:32:44,24.83,49.47,1.0,0.0,0.0
B827EBAF88E3,2021-10-03,22:33:38,29.13,39.58,0.0,0.0,0.0
B827EBCBB4B4,2021-10-03,22:34:55,23.63,53.74,0.0,0.0,0.0
B827EB4D4017,2021-10-03,22:36:37,30.04,66.3,2.0,0.0,0.0
B827EB37A814,2021-10-03,22:37:44,24.85,49.52,1.0,0.0,0.0
B827EBAF88E3,2021-10-03,22:38:39,29.04,41.82,0.0,0.0,0.0
B827EBCBB4B4,2021-10-03,22:39:55,23.66,53.57,0.0,0.0,0.0
B827EB4D4017,2021-10-03,22:41:37,30.09,66.24,2.0,0.0,0.0
B827EB37A814,2021-10-03,22:42:45,24.83,49.39,0.0,0.0,0.0
B827EBAF88E3,2021-10-03,22:43:40,28.93,43.91,0.0,0.0,0.0
B827EBCBB4B4,2021-10-03,22:44:56,23.67,53.5,1.0,0.0,0.0
B827EB4D4017,2021-10-03,22:46:38,30.03,66.45,1.0,0.0,0.0
B827EB37A814,2021-10-03,22:47:46,24.82,49.38,0.0,0.0,0.0
B827EBAF88E3,2021-10-03,22:48:40,28.9,44.81,0.0,0.0,0.0
B827EBCBB4B4,2021-10-03,22:49:57,23.67,53.6,0.0,0.0,0.0
B827EB4D4017,2021-10-03,22:51:39,30.04,66.62,2.0,0.0,0.0
B827EB37A814,2021-10-03,22:52:46,24.85,49.34,0.0,0.0,0.0
B827EBAF88E3,2021-10-03,22:53:41,28.87,44.93,0.0,0.0,0.0
B827EBCBB4B4,2021-10-03,22:54:57,23.65,53.67,0.0,0.0,0.0
B827EB4D4017,2021-10-03,22:56:39,30.1,66.48,1.0,0.0,0.0
B827EB37A814,2021-10-03,22:57:47,24.85,49.35,0.0,0.0,0.0
B827EBAF88E3,2021-10-03,22:58:42,28.94,44.65,0.0,0.0,0.0
B827EBCBB4B4,2021-10-03,22:59:58,23.65,53.73,0.0,0.0,0.0
B827EB4D4017,2021-10-03,23:01:40,30.11,66.18,2.0,0.0,0.0
B827EBAF88E3,2021-10-03,23:03:42,28.92,44.02,0.0,0.0,0.0
B827EBCBB4B4,2021-10-03,23:04:59,23.62,53.74,0.0,0.0,0.0
B827EB4D4017,2021-10-03,23:06:40,30.06,66.24,0.0,0.0,0.0
B827EB37A814,2021-10-03,23:07:48,24.83,49.31,0.0,0.0,0.0
B827EBAF88E3,2021-10-03,23:08:43,28.9,43.16,0.0,0.0,0.0
B827EBCBB4B4,2021-10-03,23:10:00,23.62,53.74,0.0,0.0,0.0
B827EB4D4017,2021-10-03,23:11:41,30.07,66.16,1.0,0.0,0.0
B827EB37A814,2021-10-03,23:12:49,24.85,49.42,1.0,0.0,0.0
B827EBAF88E3,2021-10-03,23:13:44,28.97,42.05,0.0,0.0,0.0
B827EBCBB4B4,2021-10-03,23:15:00,23.63,53.8,0.0,0.0,0.0
B827EB4D4017,2021-10-03,23:16:42,30.1,66.24,1.0,0.0,0.0
B827EB37A814,2021-10-03,23:17:49,24.82,49.32,0.0,0.0,0.0
B827EBAF88E3,2021-10-03,23:18:44,29.04,40.95,0.0,0.0,0.0
B827EBCBB4B4,2021-10-03,23:20:01,23.63,53.68,0.0,0.0,0.0
B827EB4D4017,2021-10-03,23:21:42,30.13,65.84,2.0,0.0,0.0
B827EB37A814,2021-10-03,23:22:50,24.81,49.43,0.0,0.0,0.0
B827EBAF88E3,2021-10-03,23:23:45,29.1,40.08,0.0,0.0,0.0
B827EBCBB4B4,2021-10-03,23:25:01,23.6,53.73,0.0,0.0,0.0
B827EB37A814,2021-10-03,23:27:51,24.82,49.43,0.0,0.0,0.0
B827EBAF88E3,2021-10-03,23:28:46,29.16,40.04,0.0,0.0,0.0
B827EBCBB4B4,2021-10-03,23:30:02,23.62,53.82,0.0,0.0,0.0
B827EB4D4017,2021-10-03,23:31:45,0.0,0.0,0.0,0.0,0.0
B827EB37A814,2021-10-03,23:32:51,24.81,49.34,1.0,0.0,0.0
B827EBAF88E3,2021-10-03,23:33:47,29.1,42.16,0.0,0.0,0.0
B827EBCBB4B4,2021-10-03,23:35:03,23.62,53.9,0.0,0.0,0.0
B827EB4D4017,2021-10-03,23:36:45,30.24,65.9,2.0,0.0,0.0
B827EB37A814,2021-10-03,23:37:52,24.81,49.5,0.0,0.0,0.0
B827EBAF88E3,2021-10-03,23:38:47,29.04,43.72,0.0,0.0,0.0
B827EBCBB4B4,2021-10-03,23:40:04,23.63,53.79,0.0,0.0,0.0
B827EB4D4017,2021-10-03,23:41:47,30.18,66.22,2.0,0.0,0.0
B827EB37A814,2021-10-03,23:42:53,24.82,49.62,0.0,0.0,0.0
B827EBAF88E3,2021-10-03,23:43:48,29.04,44.17,0.0,0.0,0.0
B827EBCBB4B4,2021-10-03,23:45:05,23.62,54.07,0.0,0.0,0.0
B827EB4D4017,2021-10-03,23:46:48,30.27,66.01,2.0,0.0,0.0
B827EB37A814,2021-10-03,23:47:53,24.79,49.64,0.0,0.0,0.0
B827EBAF88E3,2021-10-03,23:48:48,29.07,44.17,0.0,0.0,0.0
B827EBCBB4B4,2021-10-03,23:50:06,23.62,54.13,0.0,0.0,0.0
B827EB4D4017,2021-10-03,23:51:50,30.23,66.24,3.0,0.0,0.0
B827EB37A814,2021-10-03,23:52:54,24.81,49.73,1.0,0.0,0.0
B827EBAF88E3,2021-10-03,23:53:49,29.13,44.01,0.0,0.0,0.0
B827EBCBB4B4,2021-10-03,23:55:07,23.63,54.11,0.0,0.0,0.0
B827EB4D4017,2021-10-03,23:56:50,30.31,65.75,2.0,0.0,0.0
B827EB37A814,2021-10-03,23:57:55,24.83,49.79,1.0,0.0,0.0
B827EBAF88E3,2021-10-03,23:58:50,29.18,43.83,0.0,0.0,0.0
